Num,x1,x2,x3,x4,x5,x1Name,x2Name,x3Name,x4Name,x5Name,account,subArea,Population(K),GNI(M$),y1,y2,y3,z1,z2,z3
1,jp,1,,,,日本,北海道,,,,,,5044825,
2,jp,1,1002,,,日本,北海道,札幌市,,,,,1955678,
3,jp,1,2025,,,日本,北海道,函館市,,,,,236515,
4,jp,1,2033,,,日本,北海道,小樽市,,,,,104432,
5,jp,1,2041,,,日本,北海道,旭川市,,,,,316183,
6,jp,1,2050,,,日本,北海道,室蘭市,,,,,74855,
7,jp,1,2068,,,日本,北海道,釧路市,,,,,154271,
8,jp,1,2076,,,日本,北海道,帯広市,,,,,160810,
9,jp,1,2084,,,日本,北海道,北見市,,,,,110046,
10,jp,1,2092,,,日本,北海道,夕張市,,,,,6107,
11,jp,1,2106,,,日本,北海道,岩見沢市,,,,,74204,
12,jp,1,2114,,,日本,北海道,網走市,,,,,32199,
13,jp,1,2122,,,日本,北海道,留萌市,,,,,18169,
14,jp,1,2131,,,日本,北海道,苫小牧市,,,,,165590,
15,jp,1,2149,,,日本,北海道,稚内市,,,,,30336,
16,jp,1,2157,,,日本,北海道,美唄市,,,,,18427,
17,jp,1,2165,,,日本,北海道,芦別市,,,,,11243,
18,jp,1,2173,,,日本,北海道,江別市,,,,,118055,
19,jp,1,2181,,,日本,北海道,赤平市,,,,,8464,
20,jp,1,2190,,,日本,北海道,紋別市,,,,,19760,
21,jp,1,2203,,,日本,北海道,士別市,,,,,16440,
22,jp,1,2211,,,日本,北海道,名寄市,,,,,24742,
23,jp,1,2220,,,日本,北海道,三笠市,,,,,7268,
24,jp,1,2238,,,日本,北海道,根室市,,,,,22468,
25,jp,1,2246,,,日本,北海道,千歳市,,,,,97355,
26,jp,1,2254,,,日本,北海道,滝川市,,,,,36515,
27,jp,1,2262,,,日本,北海道,砂川市,,,,,15231,
28,jp,1,2271,,,日本,北海道,歌志内市,,,,,2584,
29,jp,1,2289,,,日本,北海道,深川市,,,,,18329,
30,jp,1,2297,,,日本,北海道,富良野市,,,,,19624,
31,jp,1,2301,,,日本,北海道,登別市,,,,,43615,
32,jp,1,2319,,,日本,北海道,恵庭市,,,,,70446,
33,jp,1,2335,,,日本,北海道,伊達市,,,,,31208,
34,jp,1,2343,,,日本,北海道,北広島市,,,,,56495,
35,jp,1,2351,,,日本,北海道,石狩市,,,,,57143,
36,jp,1,2360,,,日本,北海道,北斗市,,,,,42810,
37,jp,1,3030,,,日本,北海道,当別町,,,,,15113,
38,jp,1,3048,,,日本,北海道,新篠津村,,,,,2730,
39,jp,1,3315,,,日本,北海道,松前町,,,,,5818,
40,jp,1,3323,,,日本,北海道,福島町,,,,,3378,
41,jp,1,3331,,,日本,北海道,知内町,,,,,3783,
42,jp,1,3340,,,日本,北海道,木古内町,,,,,3528,
43,jp,1,3374,,,日本,北海道,七飯町,,,,,27139,
44,jp,1,3439,,,日本,北海道,鹿部町,,,,,3508,
45,jp,1,3455,,,日本,北海道,森町,,,,,13582,
46,jp,1,3463,,,日本,北海道,八雲町,,,,,14514,
47,jp,1,3471,,,日本,北海道,長万部町,,,,,4696,
48,jp,1,3617,,,日本,北海道,江差町,,,,,6607,
49,jp,1,3625,,,日本,北海道,上ノ国町,,,,,4133,
50,jp,1,3633,,,日本,北海道,厚沢部町,,,,,3269,
51,jp,1,3641,,,日本,北海道,乙部町,,,,,3107,
52,jp,1,3676,,,日本,北海道,奥尻町,,,,,2138,
53,jp,1,3706,,,日本,北海道,今金町,,,,,4444,
54,jp,1,3714,,,日本,北海道,せたな町,,,,,6730,
55,jp,1,3919,,,日本,北海道,島牧村,,,,,1246,
56,jp,1,3927,,,日本,北海道,寿都町,,,,,2629,
57,jp,1,3935,,,日本,北海道,黒松内町,,,,,2446,
58,jp,1,3943,,,日本,北海道,蘭越町,,,,,4501,
59,jp,1,3951,,,日本,北海道,ニセコ町,,,,,5551,
60,jp,1,3960,,,日本,北海道,真狩村,,,,,1938,
61,jp,1,3978,,,日本,北海道,留寿都村,,,,,2018,
62,jp,1,3986,,,日本,北海道,喜茂別町,,,,,1928,
63,jp,1,3994,,,日本,北海道,京極町,,,,,2776,
64,jp,1,4001,,,日本,北海道,倶知安町,,,,,17120,
65,jp,1,4010,,,日本,北海道,共和町,,,,,5364,
66,jp,1,4028,,,日本,北海道,岩内町,,,,,10913,
67,jp,1,4036,,,日本,北海道,泊村,,,,,1420,
68,jp,1,4044,,,日本,北海道,神恵内村,,,,,740,
69,jp,1,4052,,,日本,北海道,積丹町,,,,,1702,
70,jp,1,4061,,,日本,北海道,古平町,,,,,2589,
71,jp,1,4079,,,日本,北海道,仁木町,,,,,3051,
72,jp,1,4087,,,日本,北海道,余市町,,,,,16954,
73,jp,1,4095,,,日本,北海道,赤井川村,,,,,1492,
74,jp,1,4231,,,日本,北海道,南幌町,,,,,7933,
75,jp,1,4249,,,日本,北海道,奈井江町,,,,,4704,
76,jp,1,4257,,,日本,北海道,上砂川町,,,,,2360,
77,jp,1,4273,,,日本,北海道,由仁町,,,,,4527,
78,jp,1,4281,,,日本,北海道,長沼町,,,,,9937,
79,jp,1,4290,,,日本,北海道,栗山町,,,,,10653,
80,jp,1,4303,,,日本,北海道,月形町,,,,,2732,
81,jp,1,4311,,,日本,北海道,浦臼町,,,,,1577,
82,jp,1,4320,,,日本,北海道,新十津川町,,,,,6229,
83,jp,1,4338,,,日本,北海道,妹背牛町,,,,,2565,
84,jp,1,4346,,,日本,北海道,秩父別町,,,,,2182,
85,jp,1,4362,,,日本,北海道,雨竜町,,,,,2044,
86,jp,1,4371,,,日本,北海道,北竜町,,,,,1593,
87,jp,1,4389,,,日本,北海道,沼田町,,,,,2798,
88,jp,1,4524,,,日本,北海道,鷹栖町,,,,,6463,
89,jp,1,4532,,,日本,北海道,東神楽町,,,,,9775,
90,jp,1,4541,,,日本,北海道,当麻町,,,,,6054,
91,jp,1,4559,,,日本,北海道,比布町,,,,,3425,
92,jp,1,4567,,,日本,北海道,愛別町,,,,,2418,
93,jp,1,4575,,,日本,北海道,上川町,,,,,3085,
94,jp,1,4583,,,日本,北海道,東川町,,,,,8673,
95,jp,1,4591,,,日本,北海道,美瑛町,,,,,9283,
96,jp,1,4605,,,日本,北海道,上富良野町,,,,,9706,
97,jp,1,4613,,,日本,北海道,中富良野町,,,,,4486,
98,jp,1,4621,,,日本,北海道,南富良野町,,,,,2236,
99,jp,1,4630,,,日本,北海道,占冠村,,,,,1590,
100,jp,1,4648,,,日本,北海道,和寒町,,,,,2807,
101,jp,1,4656,,,日本,北海道,剣淵町,,,,,2728,
102,jp,1,4681,,,日本,北海道,下川町,,,,,2836,
103,jp,1,4699,,,日本,北海道,美深町,,,,,3681,
104,jp,1,4702,,,日本,北海道,音威子府村,,,,,601,
105,jp,1,4711,,,日本,北海道,中川町,,,,,1269,
106,jp,1,4729,,,日本,北海道,幌加内町,,,,,1222,
107,jp,1,4818,,,日本,北海道,増毛町,,,,,3620,
108,jp,1,4826,,,日本,北海道,小平町,,,,,2664,
109,jp,1,4834,,,日本,北海道,苫前町,,,,,2666,
110,jp,1,4842,,,日本,北海道,羽幌町,,,,,5945,
111,jp,1,4851,,,日本,北海道,初山別村,,,,,1005,
112,jp,1,4869,,,日本,北海道,遠別町,,,,,2258,
113,jp,1,4877,,,日本,北海道,天塩町,,,,,2642,
114,jp,1,5113,,,日本,北海道,猿払村,,,,,2589,
115,jp,1,5121,,,日本,北海道,浜頓別町,,,,,3221,
116,jp,1,5130,,,日本,北海道,中頓別町,,,,,1472,
117,jp,1,5148,,,日本,北海道,枝幸町,,,,,7199,
118,jp,1,5164,,,日本,北海道,豊富町,,,,,3515,
119,jp,1,5172,,,日本,北海道,礼文町,,,,,2183,
120,jp,1,5181,,,日本,北海道,利尻町,,,,,1830,
121,jp,1,5199,,,日本,北海道,利尻富士町,,,,,2151,
122,jp,1,5202,,,日本,北海道,幌延町,,,,,2042,
123,jp,1,5431,,,日本,北海道,美幌町,,,,,17329,
124,jp,1,5440,,,日本,北海道,津別町,,,,,3970,
125,jp,1,5458,,,日本,北海道,斜里町,,,,,10513,
126,jp,1,5466,,,日本,北海道,清里町,,,,,3622,
127,jp,1,5474,,,日本,北海道,小清水町,,,,,4342,
128,jp,1,5491,,,日本,北海道,訓子府町,,,,,4448,
129,jp,1,5504,,,日本,北海道,置戸町,,,,,2543,
130,jp,1,5521,,,日本,北海道,佐呂間町,,,,,4646,
131,jp,1,5555,,,日本,北海道,遠軽町,,,,,17646,
132,jp,1,5598,,,日本,北海道,湧別町,,,,,7901,
133,jp,1,5601,,,日本,北海道,滝上町,,,,,2208,
134,jp,1,5610,,,日本,北海道,興部町,,,,,3495,
135,jp,1,5628,,,日本,北海道,西興部村,,,,,956,
136,jp,1,5636,,,日本,北海道,雄武町,,,,,4033,
137,jp,1,5644,,,日本,北海道,大空町,,,,,6441,
138,jp,1,5717,,,日本,北海道,豊浦町,,,,,3491,
139,jp,1,5750,,,日本,北海道,壮瞥町,,,,,2313,
140,jp,1,5784,,,日本,北海道,白老町,,,,,15095,
141,jp,1,5814,,,日本,北海道,厚真町,,,,,4227,
142,jp,1,5849,,,日本,北海道,洞爺湖町,,,,,7906,
143,jp,1,5857,,,日本,北海道,安平町,,,,,7214,
144,jp,1,5865,,,日本,北海道,むかわ町,,,,,7221,
145,jp,1,6012,,,日本,北海道,日高町,,,,,10904,
146,jp,1,6021,,,日本,北海道,平取町,,,,,4435,
147,jp,1,6047,,,日本,北海道,新冠町,,,,,5011,
148,jp,1,6071,,,日本,北海道,浦河町,,,,,11231,
149,jp,1,6080,,,日本,北海道,様似町,,,,,3777,
150,jp,1,6098,,,日本,北海道,えりも町,,,,,4060,
151,jp,1,6101,,,日本,北海道,新ひだか町,,,,,20229,
152,jp,1,6314,,,日本,北海道,音更町,,,,,42683,
153,jp,1,6322,,,日本,北海道,士幌町,,,,,5690,
154,jp,1,6331,,,日本,北海道,上士幌町,,,,,4758,
155,jp,1,6349,,,日本,北海道,鹿追町,,,,,4928,
156,jp,1,6357,,,日本,北海道,新得町,,,,,5503,
157,jp,1,6365,,,日本,北海道,清水町,,,,,8755,
158,jp,1,6373,,,日本,北海道,芽室町,,,,,17773,
159,jp,1,6381,,,日本,北海道,中札内村,,,,,3823,
160,jp,1,6390,,,日本,北海道,更別村,,,,,3084,
161,jp,1,6411,,,日本,北海道,大樹町,,,,,5266,
162,jp,1,6420,,,日本,北海道,広尾町,,,,,5880,
163,jp,1,6438,,,日本,北海道,幕別町,,,,,25269,
164,jp,1,6446,,,日本,北海道,池田町,,,,,5906,
165,jp,1,6454,,,日本,北海道,豊頃町,,,,,2878,
166,jp,1,6462,,,日本,北海道,本別町,,,,,6046,
167,jp,1,6471,,,日本,北海道,足寄町,,,,,5952,
168,jp,1,6489,,,日本,北海道,陸別町,,,,,2120,
169,jp,1,6497,,,日本,北海道,浦幌町,,,,,4108,
170,jp,1,6616,,,日本,北海道,釧路町,,,,,18380,
171,jp,1,6624,,,日本,北海道,厚岸町,,,,,8195,
172,jp,1,6632,,,日本,北海道,浜中町,,,,,5246,
173,jp,1,6641,,,日本,北海道,標茶町,,,,,6836,
174,jp,1,6659,,,日本,北海道,弟子屈町,,,,,6432,
175,jp,1,6675,,,日本,北海道,鶴居村,,,,,2432,
176,jp,1,6683,,,日本,北海道,白糠町,,,,,7003,
177,jp,1,6918,,,日本,北海道,別海町,,,,,13964,
178,jp,1,6926,,,日本,北海道,中標津町,,,,,22257,
179,jp,1,6934,,,日本,北海道,標津町,,,,,4798,
180,jp,1,6942,,,日本,北海道,羅臼町,,,,,4267,
181,jp,1,6951,,,日本,北海道,色丹村,,,,,0,
182,jp,1,6969,,,日本,北海道,泊村,,,,,0,
183,jp,1,6977,,,日本,北海道,留夜別村,,,,,0,
184,jp,1,6985,,,日本,北海道,留別村,,,,,0,
185,jp,1,6993,,,日本,北海道,紗那村,,,,,0,
186,jp,1,7001,,,日本,北海道,蘂取村,,,,,0,
187,jp,2,,,,日本,青森県,,,,,,1185767,
188,jp,2,2012,,,日本,青森県,青森市,,,,,263512,
189,jp,2,2021,,,日本,青森県,弘前市,,,,,159488,
190,jp,2,2039,,,日本,青森県,八戸市,,,,,215080,
191,jp,2,2047,,,日本,青森県,黒石市,,,,,30428,
192,jp,2,2055,,,日本,青森県,五所川原市,,,,,49811,
193,jp,2,2063,,,日本,青森県,十和田市,,,,,57361,
194,jp,2,2071,,,日本,青森県,三沢市,,,,,37380,
195,jp,2,2080,,,日本,青森県,むつ市,,,,,51606,
196,jp,2,2098,,,日本,青森県,つがる市,,,,,28806,
197,jp,2,2101,,,日本,青森県,平川市,,,,,29353,
198,jp,2,3019,,,日本,青森県,平内町,,,,,9730,
199,jp,2,3035,,,日本,青森県,今別町,,,,,2096,
200,jp,2,3043,,,日本,青森県,蓬田村,,,,,2434,
201,jp,2,3078,,,日本,青森県,外ヶ浜町,,,,,4996,
202,jp,2,3213,,,日本,青森県,鰺ヶ沢町,,,,,8505,
203,jp,2,3230,,,日本,青森県,深浦町,,,,,6803,
204,jp,2,3434,,,日本,青森県,西目屋村,,,,,1210,
205,jp,2,3612,,,日本,青森県,藤崎町,,,,,14300,
206,jp,2,3621,,,日本,青森県,大鰐町,,,,,8231,
207,jp,2,3671,,,日本,青森県,田舎館村,,,,,7239,
208,jp,2,3817,,,日本,青森県,板柳町,,,,,12198,
209,jp,2,3841,,,日本,青森県,鶴田町,,,,,11540,
210,jp,2,3876,,,日本,青森県,中泊町,,,,,9417,
211,jp,2,4015,,,日本,青森県,野辺地町,,,,,11855,
212,jp,2,4023,,,日本,青森県,七戸町,,,,,14014,
213,jp,2,4058,,,日本,青森県,六戸町,,,,,10551,
214,jp,2,4066,,,日本,青森県,横浜町,,,,,4048,
215,jp,2,4082,,,日本,青森県,東北町,,,,,16005,
216,jp,2,4112,,,日本,青森県,六ヶ所村,,,,,9628,
217,jp,2,4121,,,日本,青森県,おいらせ町,,,,,25182,
218,jp,2,4236,,,日本,青森県,大間町,,,,,4649,
219,jp,2,4244,,,日本,青森県,東通村,,,,,5553,
220,jp,2,4252,,,日本,青森県,風間浦村,,,,,1554,
221,jp,2,4261,,,日本,青森県,佐井村,,,,,1628,
222,jp,2,4414,,,日本,青森県,三戸町,,,,,8767,
223,jp,2,4422,,,日本,青森県,五戸町,,,,,15285,
224,jp,2,4431,,,日本,青森県,田子町,,,,,4718,
225,jp,2,4457,,,日本,青森県,南部町,,,,,16185,
226,jp,2,4465,,,日本,青森県,階上町,,,,,12562,
227,jp,2,4503,,,日本,青森県,新郷村,,,,,2059,
228,jp,3,,,,日本,岩手県,,,,,,1153900,
229,jp,3,2018,,,日本,岩手県,盛岡市,,,,,277423,
230,jp,3,2026,,,日本,岩手県,宮古市,,,,,45632,
231,jp,3,2034,,,日本,岩手県,大船渡市,,,,,32059,
232,jp,3,2051,,,日本,岩手県,花巻市,,,,,89867,
233,jp,3,2069,,,日本,岩手県,北上市,,,,,91090,
234,jp,3,2077,,,日本,岩手県,久慈市,,,,,31216,
235,jp,3,2085,,,日本,岩手県,遠野市,,,,,23930,
236,jp,3,2093,,,日本,岩手県,一関市,,,,,105505,
237,jp,3,2107,,,日本,岩手県,陸前高田市,,,,,17226,
238,jp,3,2115,,,日本,岩手県,釜石市,,,,,28934,
239,jp,3,2131,,,日本,岩手県,二戸市,,,,,24157,
240,jp,3,2140,,,日本,岩手県,八幡平市,,,,,23179,
241,jp,3,2158,,,日本,岩手県,奥州市,,,,,107798,
242,jp,3,2166,,,日本,岩手県,滝沢市,,,,,54413,
243,jp,3,3014,,,日本,岩手県,雫石町,,,,,14995,
244,jp,3,3022,,,日本,岩手県,葛巻町,,,,,5293,
245,jp,3,3031,,,日本,岩手県,岩手町,,,,,11542,
246,jp,3,3219,,,日本,岩手県,紫波町,,,,,32684,
247,jp,3,3227,,,日本,岩手県,矢巾町,,,,,26160,
248,jp,3,3669,,,日本,岩手県,西和賀町,,,,,4659,
249,jp,3,3812,,,日本,岩手県,金ケ崎町,,,,,15119,
250,jp,3,4029,,,日本,岩手県,平泉町,,,,,6734,
251,jp,3,4410,,,日本,岩手県,住田町,,,,,4681,
252,jp,3,4614,,,日本,岩手県,大槌町,,,,,10492,
253,jp,3,4827,,,日本,岩手県,山田町,,,,,13854,
254,jp,3,4835,,,日本,岩手県,岩泉町,,,,,7843,
255,jp,3,4843,,,日本,岩手県,田野畑村,,,,,2888,
256,jp,3,4851,,,日本,岩手県,普代村,,,,,2293,
257,jp,3,5017,,,日本,岩手県,軽米町,,,,,7907,
258,jp,3,5033,,,日本,岩手県,野田村,,,,,3901,
259,jp,3,5068,,,日本,岩手県,九戸村,,,,,5084,
260,jp,3,5076,,,日本,岩手県,洋野町,,,,,14739,
261,jp,3,5246,,,日本,岩手県,一戸町,,,,,10603,
262,jp,4,,,,日本,宮城県,,,,,,2224980,
263,jp,4,1009,,,日本,宮城県,仙台市,,,,,1064142,
264,jp,4,2021,,,日本,宮城県,石巻市,,,,,132447,
265,jp,4,2030,,,日本,宮城県,塩竈市,,,,,51726,
266,jp,4,2056,,,日本,宮城県,気仙沼市,,,,,56300,
267,jp,4,2064,,,日本,宮城県,白石市,,,,,30569,
268,jp,4,2072,,,日本,宮城県,名取市,,,,,79792,
269,jp,4,2081,,,日本,宮城県,角田市,,,,,26469,
270,jp,4,2099,,,日本,宮城県,多賀城市,,,,,61628,
271,jp,4,2111,,,日本,宮城県,岩沼市,,,,,43137,
272,jp,4,2129,,,日本,宮城県,登米市,,,,,71919,
273,jp,4,2137,,,日本,宮城県,栗原市,,,,,60518,
274,jp,4,2145,,,日本,宮城県,東松島市,,,,,37875,
275,jp,4,2153,,,日本,宮城県,大崎市,,,,,122035,
276,jp,4,2161,,,日本,宮城県,富谷市,,,,,52452,
277,jp,4,3010,,,日本,宮城県,蔵王町,,,,,10916,
278,jp,4,3028,,,日本,宮城県,七ヶ宿町,,,,,1213,
279,jp,4,3214,,,日本,宮城県,大河原町,,,,,23297,
280,jp,4,3222,,,日本,宮城県,村田町,,,,,9816,
281,jp,4,3231,,,日本,宮城県,柴田町,,,,,36331,
282,jp,4,3249,,,日本,宮城県,川崎町,,,,,7938,
283,jp,4,3419,,,日本,宮城県,丸森町,,,,,11571,
284,jp,4,3613,,,日本,宮城県,亘理町,,,,,32825,
285,jp,4,3621,,,日本,宮城県,山元町,,,,,11427,
286,jp,4,4016,,,日本,宮城県,松島町,,,,,12885,
287,jp,4,4041,,,日本,宮城県,七ヶ浜町,,,,,17553,
288,jp,4,4067,,,日本,宮城県,利府町,,,,,35863,
289,jp,4,4211,,,日本,宮城県,大和町,,,,,27861,
290,jp,4,4229,,,日本,宮城県,大郷町,,,,,7480,
291,jp,4,4245,,,日本,宮城県,大衡村,,,,,5539,
292,jp,4,4440,,,日本,宮城県,色麻町,,,,,6103,
293,jp,4,4458,,,日本,宮城県,加美町,,,,,20970,
294,jp,4,5012,,,日本,宮城県,涌谷町,,,,,14249,
295,jp,4,5055,,,日本,宮城県,美里町,,,,,22826,
296,jp,4,5811,,,日本,宮城県,女川町,,,,,5810,
297,jp,4,6060,,,日本,宮城県,南三陸町,,,,,11498,
298,jp,5,,,,日本,秋田県,,,,,,907593,
299,jp,5,2019,,,日本,秋田県,秋田市,,,,,293729,
300,jp,5,2027,,,日本,秋田県,能代市,,,,,47247,
301,jp,5,2035,,,日本,秋田県,横手市,,,,,80777,
302,jp,5,2043,,,日本,秋田県,大館市,,,,,65492,
303,jp,5,2060,,,日本,秋田県,男鹿市,,,,,23355,
304,jp,5,2078,,,日本,秋田県,湯沢市,,,,,39484,
305,jp,5,2094,,,日本,秋田県,鹿角市,,,,,27069,
306,jp,5,2108,,,日本,秋田県,由利本荘市,,,,,70409,
307,jp,5,2116,,,日本,秋田県,潟上市,,,,,31271,
308,jp,5,2124,,,日本,秋田県,大仙市,,,,,73794,
309,jp,5,2132,,,日本,秋田県,北秋田市,,,,,27834,
310,jp,5,2141,,,日本,秋田県,にかほ市,,,,,22075,
311,jp,5,2159,,,日本,秋田県,仙北市,,,,,22859,
312,jp,5,3031,,,日本,秋田県,小坂町,,,,,4421,
313,jp,5,3279,,,日本,秋田県,上小阿仁村,,,,,1869,
314,jp,5,3465,,,日本,秋田県,藤里町,,,,,2746,
315,jp,5,3481,,,日本,秋田県,三種町,,,,,14170,
316,jp,5,3490,,,日本,秋田県,八峰町,,,,,6086,
317,jp,5,3619,,,日本,秋田県,五城目町,,,,,7814,
318,jp,5,3635,,,日本,秋田県,八郎潟町,,,,,5176,
319,jp,5,3660,,,日本,秋田県,井川町,,,,,4157,
320,jp,5,3686,,,日本,秋田県,大潟村,,,,,2945,
321,jp,5,4348,,,日本,秋田県,美郷町,,,,,17444,
322,jp,5,4631,,,日本,秋田県,羽後町,,,,,13036,
323,jp,5,4640,,,日本,秋田県,東成瀬村,,,,,2334,
324,jp,6,,,,日本,山形県,,,,,,1012355,
325,jp,6,2014,,,日本,山形県,山形市,,,,,236164,
326,jp,6,2022,,,日本,山形県,米沢市,,,,,74629,
327,jp,6,2031,,,日本,山形県,鶴岡市,,,,,116731,
328,jp,6,2049,,,日本,山形県,酒田市,,,,,93924,
329,jp,6,2057,,,日本,山形県,新庄市,,,,,32362,
330,jp,6,2065,,,日本,山形県,寒河江市,,,,,39417,
331,jp,6,2073,,,日本,山形県,上山市,,,,,27584,
332,jp,6,2081,,,日本,山形県,村山市,,,,,21299,
333,jp,6,2090,,,日本,山形県,長井市,,,,,24420,
334,jp,6,2103,,,日本,山形県,天童市,,,,,60204,
335,jp,6,2111,,,日本,山形県,東根市,,,,,47631,
336,jp,6,2120,,,日本,山形県,尾花沢市,,,,,13529,
337,jp,6,2138,,,日本,山形県,南陽市,,,,,29070,
338,jp,6,3011,,,日本,山形県,山辺町,,,,,13344,
339,jp,6,3029,,,日本,山形県,中山町,,,,,10455,
340,jp,6,3215,,,日本,山形県,河北町,,,,,16809,
341,jp,6,3223,,,日本,山形県,西川町,,,,,4536,
342,jp,6,3231,,,日本,山形県,朝日町,,,,,5782,
343,jp,6,3240,,,日本,山形県,大江町,,,,,7062,
344,jp,6,3410,,,日本,山形県,大石田町,,,,,5979,
345,jp,6,3614,,,日本,山形県,金山町,,,,,4691,
346,jp,6,3622,,,日本,山形県,最上町,,,,,7358,
347,jp,6,3631,,,日本,山形県,舟形町,,,,,4662,
348,jp,6,3649,,,日本,山形県,真室川町,,,,,6481,
349,jp,6,3657,,,日本,山形県,大蔵村,,,,,2760,
350,jp,6,3665,,,日本,山形県,鮭川村,,,,,3659,
351,jp,6,3673,,,日本,山形県,戸沢村,,,,,3850,
352,jp,6,3819,,,日本,山形県,高畠町,,,,,21306,
353,jp,6,3827,,,日本,山形県,川西町,,,,,13385,
354,jp,6,4017,,,日本,山形県,小国町,,,,,6537,
355,jp,6,4025,,,日本,山形県,白鷹町,,,,,12222,
356,jp,6,4033,,,日本,山形県,飯豊町,,,,,6203,
357,jp,6,4262,,,日本,山形県,三川町,,,,,7009,
358,jp,6,4289,,,日本,山形県,庄内町,,,,,19144,
359,jp,6,4611,,,日本,山形県,遊佐町,,,,,12157,
360,jp,7,,,,日本,福島県,,,,,,1771314,
361,jp,7,2010,,,日本,福島県,福島市,,,,,264652,
362,jp,7,2028,,,日本,福島県,会津若松市,,,,,110841,
363,jp,7,2036,,,日本,福島県,郡山市,,,,,312433,
364,jp,7,2044,,,日本,福島県,いわき市,,,,,303171,
365,jp,7,2052,,,日本,福島県,白河市,,,,,57085,
366,jp,7,2079,,,日本,福島県,須賀川市,,,,,72918,
367,jp,7,2087,,,日本,福島県,喜多方市,,,,,43519,
368,jp,7,2095,,,日本,福島県,相馬市,,,,,32261,
369,jp,7,2109,,,日本,福島県,二本松市,,,,,50358,
370,jp,7,2117,,,日本,福島県,田村市,,,,,32982,
371,jp,7,2125,,,日本,福島県,南相馬市,,,,,55774,
372,jp,7,2133,,,日本,福島県,伊達市,,,,,55997,
373,jp,7,2141,,,日本,福島県,本宮市,,,,,29712,
374,jp,7,3016,,,日本,福島県,桑折町,,,,,10951,
375,jp,7,3032,,,日本,福島県,国見町,,,,,8095,
376,jp,7,3083,,,日本,福島県,川俣町,,,,,11412,
377,jp,7,3229,,,日本,福島県,大玉村,,,,,8817,
378,jp,7,3423,,,日本,福島県,鏡石町,,,,,12356,
379,jp,7,3440,,,日本,福島県,天栄村,,,,,5171,
380,jp,7,3628,,,日本,福島県,下郷町,,,,,4792,
381,jp,7,3644,,,日本,福島県,檜枝岐村,,,,,484,
382,jp,7,3679,,,日本,福島県,只見町,,,,,3690,
383,jp,7,3687,,,日本,福島県,南会津町,,,,,13349,
384,jp,7,4021,,,日本,福島県,北塩原村,,,,,2394,
385,jp,7,4055,,,日本,福島県,西会津町,,,,,5408,
386,jp,7,4071,,,日本,福島県,磐梯町,,,,,3151,
387,jp,7,4080,,,日本,福島県,猪苗代町,,,,,12552,
388,jp,7,4217,,,日本,福島県,会津坂下町,,,,,14217,
389,jp,7,4225,,,日本,福島県,湯川村,,,,,2980,
390,jp,7,4233,,,日本,福島県,柳津町,,,,,2841,
391,jp,7,4446,,,日本,福島県,三島町,,,,,1327,
392,jp,7,4454,,,日本,福島県,金山町,,,,,1749,
393,jp,7,4462,,,日本,福島県,昭和村,,,,,1085,
394,jp,7,4471,,,日本,福島県,会津美里町,,,,,18117,
395,jp,7,4616,,,日本,福島県,西郷村,,,,,20616,
396,jp,7,4641,,,日本,福島県,泉崎村,,,,,6092,
397,jp,7,4659,,,日本,福島県,中島村,,,,,4732,
398,jp,7,4667,,,日本,福島県,矢吹町,,,,,16807,
399,jp,7,4811,,,日本,福島県,棚倉町,,,,,12789,
400,jp,7,4829,,,日本,福島県,矢祭町,,,,,5145,
401,jp,7,4837,,,日本,福島県,塙町,,,,,7821,
402,jp,7,4845,,,日本,福島県,鮫川村,,,,,2846,
403,jp,7,5019,,,日本,福島県,石川町,,,,,13654,
404,jp,7,5027,,,日本,福島県,玉川村,,,,,6050,
405,jp,7,5035,,,日本,福島県,平田村,,,,,5352,
406,jp,7,5043,,,日本,福島県,浅川町,,,,,5782,
407,jp,7,5051,,,日本,福島県,古殿町,,,,,4517,
408,jp,7,5213,,,日本,福島県,三春町,,,,,16080,
409,jp,7,5221,,,日本,福島県,小野町,,,,,8864,
410,jp,7,5418,,,日本,福島県,広野町,,,,,4531,
411,jp,7,5426,,,日本,福島県,楢葉町,,,,,6409,
412,jp,7,5434,,,日本,福島県,富岡町,,,,,11316,
413,jp,7,5442,,,日本,福島県,川内村,,,,,2233,
414,jp,7,5451,,,日本,福島県,大熊町,,,,,9944,
415,jp,7,5469,,,日本,福島県,双葉町,,,,,5294,
416,jp,7,5477,,,日本,福島県,浪江町,,,,,14632,
417,jp,7,5485,,,日本,福島県,葛尾村,,,,,1216,
418,jp,7,5612,,,日本,福島県,新地町,,,,,7445,
419,jp,7,5647,,,日本,福島県,飯舘村,,,,,4506,
420,jp,8,,,,日本,茨城県,,,,,,2848597,
421,jp,8,2015,,,日本,茨城県,水戸市,,,,,267467,
422,jp,8,2023,,,日本,茨城県,日立市,,,,,163855,
423,jp,8,2031,,,日本,茨城県,土浦市,,,,,141571,
424,jp,8,2040,,,日本,茨城県,古河市,,,,,139812,
425,jp,8,2058,,,日本,茨城県,石岡市,,,,,69937,
426,jp,8,2074,,,日本,茨城県,結城市,,,,,49528,
427,jp,8,2082,,,日本,茨城県,龍ケ崎市,,,,,74917,
428,jp,8,2104,,,日本,茨城県,下妻市,,,,,42071,
429,jp,8,2112,,,日本,茨城県,常総市,,,,,60596,
430,jp,8,2121,,,日本,茨城県,常陸太田市,,,,,46390,
431,jp,8,2147,,,日本,茨城県,高萩市,,,,,25769,
432,jp,8,2155,,,日本,茨城県,北茨城市,,,,,40014,
433,jp,8,2163,,,日本,茨城県,笠間市,,,,,72567,
434,jp,8,2171,,,日本,茨城県,取手市,,,,,105872,
435,jp,8,2198,,,日本,茨城県,牛久市,,,,,83820,
436,jp,8,2201,,,日本,茨城県,つくば市,,,,,259000,
437,jp,8,2210,,,日本,茨城県,ひたちなか市,,,,,154647,
438,jp,8,2228,,,日本,茨城県,鹿嶋市,,,,,65217,
439,jp,8,2236,,,日本,茨城県,潮来市,,,,,26088,
440,jp,8,2244,,,日本,茨城県,守谷市,,,,,70900,
441,jp,8,2252,,,日本,茨城県,常陸大宮市,,,,,37861,
442,jp,8,2261,,,日本,茨城県,那珂市,,,,,53167,
443,jp,8,2279,,,日本,茨城県,筑西市,,,,,99804,
444,jp,8,2287,,,日本,茨城県,坂東市,,,,,52143,
445,jp,8,2295,,,日本,茨城県,稲敷市,,,,,37012,
446,jp,8,2309,,,日本,茨城県,かすみがうら市,,,,,39893,
447,jp,8,2317,,,日本,茨城県,桜川市,,,,,37635,
448,jp,8,2325,,,日本,茨城県,神栖市,,,,,93786,
449,jp,8,2333,,,日本,茨城県,行方市,,,,,31505,
450,jp,8,2341,,,日本,茨城県,鉾田市,,,,,46537,
451,jp,8,2350,,,日本,茨城県,つくばみらい市,,,,,53503,
452,jp,8,2368,,,日本,茨城県,小美玉市,,,,,48482,
453,jp,8,3020,,,日本,茨城県,茨城町,,,,,30523,
454,jp,8,3097,,,日本,茨城県,大洗町,,,,,15461,
455,jp,8,3101,,,日本,茨城県,城里町,,,,,17708,
456,jp,8,3411,,,日本,茨城県,東海村,,,,,38151,
457,jp,8,3640,,,日本,茨城県,大子町,,,,,14516,
458,jp,8,4425,,,日本,茨城県,美浦村,,,,,14156,
459,jp,8,4433,,,日本,茨城県,阿見町,,,,,49643,
460,jp,8,4476,,,日本,茨城県,河内町,,,,,7791,
461,jp,8,5219,,,日本,茨城県,八千代町,,,,,21082,
462,jp,8,5421,,,日本,茨城県,五霞町,,,,,7933,
463,jp,8,5464,,,日本,茨城県,境町,,,,,24769,
464,jp,8,5642,,,日本,茨城県,利根町,,,,,15498,
465,jp,9,,,,日本,栃木県,,,,,,1904173,
466,jp,9,2011,,,日本,栃木県,宇都宮市,,,,,514595,
467,jp,9,2029,,,日本,栃木県,足利市,,,,,140055,
468,jp,9,2037,,,日本,栃木県,栃木市,,,,,153088,
469,jp,9,2045,,,日本,栃木県,佐野市,,,,,112988,
470,jp,9,2053,,,日本,栃木県,鹿沼市,,,,,92895,
471,jp,9,2061,,,日本,栃木県,日光市,,,,,75281,
472,jp,9,2088,,,日本,栃木県,小山市,,,,,166874,
473,jp,9,2096,,,日本,栃木県,真岡市,,,,,78284,
474,jp,9,2100,,,日本,栃木県,大田原市,,,,,68053,
475,jp,9,2118,,,日本,栃木県,矢板市,,,,,30117,
476,jp,9,2134,,,日本,栃木県,那須塩原市,,,,,115611,
477,jp,9,2142,,,日本,栃木県,さくら市,,,,,43760,
478,jp,9,2151,,,日本,栃木県,那須烏山市,,,,,23482,
479,jp,9,2169,,,日本,栃木県,下野市,,,,,59728,
480,jp,9,3017,,,日本,栃木県,上三川町,,,,,30748,
481,jp,9,3424,,,日本,栃木県,益子町,,,,,21360,
482,jp,9,3432,,,日本,栃木県,茂木町,,,,,11408,
483,jp,9,3441,,,日本,栃木県,市貝町,,,,,11073,
484,jp,9,3459,,,日本,栃木県,芳賀町,,,,,15377,
485,jp,9,3611,,,日本,栃木県,壬生町,,,,,38140,
486,jp,9,3645,,,日本,栃木県,野木町,,,,,24869,
487,jp,9,3840,,,日本,栃木県,塩谷町,,,,,9796,
488,jp,9,3866,,,日本,栃木県,高根沢町,,,,,28770,
489,jp,9,4072,,,日本,栃木県,那須町,,,,,23697,
490,jp,9,4111,,,日本,栃木県,那珂川町,,,,,14124,
491,jp,10,,,,日本,群馬県,,,,,,1907976,
492,jp,10,2016,,,日本,群馬県,前橋市,,,,,329120,
493,jp,10,2024,,,日本,群馬県,高崎市,,,,,365972,
494,jp,10,2032,,,日本,群馬県,桐生市,,,,,101185,
495,jp,10,2041,,,日本,群馬県,伊勢崎市,,,,,212084,
496,jp,10,2059,,,日本,群馬県,太田市,,,,,223075,
497,jp,10,2067,,,日本,群馬県,沼田市,,,,,43532,
498,jp,10,2075,,,日本,群馬県,館林市,,,,,73667,
499,jp,10,2083,,,日本,群馬県,渋川市,,,,,72090,
500,jp,10,2091,,,日本,群馬県,藤岡市,,,,,61551,
501,jp,10,2105,,,日本,群馬県,富岡市,,,,,45172,
502,jp,10,2113,,,日本,群馬県,安中市,,,,,53790,
503,jp,10,2121,,,日本,群馬県,みどり市,,,,,48470,
504,jp,10,3446,,,日本,群馬県,榛東村,,,,,14634,
505,jp,10,3454,,,日本,群馬県,吉岡町,,,,,22643,
506,jp,10,3667,,,日本,群馬県,上野村,,,,,1011,
507,jp,10,3675,,,日本,群馬県,神流町,,,,,1511,
508,jp,10,3829,,,日本,群馬県,下仁田町,,,,,6133,
509,jp,10,3837,,,日本,群馬県,南牧村,,,,,1427,
510,jp,10,3845,,,日本,群馬県,甘楽町,,,,,12368,
511,jp,10,4213,,,日本,群馬県,中之条町,,,,,14326,
512,jp,10,4248,,,日本,群馬県,長野原町,,,,,5082,
513,jp,10,4256,,,日本,群馬県,嬬恋村,,,,,9073,
514,jp,10,4264,,,日本,群馬県,草津町,,,,,6055,
515,jp,10,4281,,,日本,群馬県,高山村,,,,,3260,
516,jp,10,4299,,,日本,群馬県,東吾妻町,,,,,12061,
517,jp,10,4434,,,日本,群馬県,片品村,,,,,3928,
518,jp,10,4442,,,日本,群馬県,川場村,,,,,2973,
519,jp,10,4485,,,日本,群馬県,昭和村,,,,,6938,
520,jp,10,4493,,,日本,群馬県,みなかみ町,,,,,16954,
521,jp,10,4647,,,日本,群馬県,玉村町,,,,,35620,
522,jp,10,5210,,,日本,群馬県,板倉町,,,,,13461,
523,jp,10,5228,,,日本,群馬県,明和町,,,,,10751,
524,jp,10,5236,,,日本,群馬県,千代田町,,,,,10848,
525,jp,10,5244,,,日本,群馬県,大泉町,,,,,41653,
526,jp,10,5252,,,日本,群馬県,邑楽町,,,,,25558,
527,jp,11,,,,日本,埼玉県,,,,,,7374294,
528,jp,11,1007,,,日本,埼玉県,さいたま市,,,,,1350500,
529,jp,11,2011,,,日本,埼玉県,川越市,,,,,352805,
530,jp,11,2020,,,日本,埼玉県,熊谷市,,,,,190927,
531,jp,11,2038,,,日本,埼玉県,川口市,,,,,607447,
532,jp,11,2062,,,日本,埼玉県,行田市,,,,,77854,
533,jp,11,2071,,,日本,埼玉県,秩父市,,,,,57212,
534,jp,11,2089,,,日本,埼玉県,所沢市,,,,,342520,
535,jp,11,2097,,,日本,埼玉県,飯能市,,,,,77963,
536,jp,11,2101,,,日本,埼玉県,加須市,,,,,112018,
537,jp,11,2119,,,日本,埼玉県,本庄市,,,,,76783,
538,jp,11,2127,,,日本,埼玉県,東松山市,,,,,91256,
539,jp,11,2143,,,日本,埼玉県,春日部市,,,,,229656,
540,jp,11,2151,,,日本,埼玉県,狭山市,,,,,148221,
541,jp,11,2160,,,日本,埼玉県,羽生市,,,,,53696,
542,jp,11,2178,,,日本,埼玉県,鴻巣市,,,,,117564,
543,jp,11,2186,,,日本,埼玉県,深谷市,,,,,140809,
544,jp,11,2194,,,日本,埼玉県,上尾市,,,,,230066,
545,jp,11,2216,,,日本,埼玉県,草加市,,,,,251992,
546,jp,11,2224,,,日本,埼玉県,越谷市,,,,,342327,
547,jp,11,2232,,,日本,埼玉県,蕨市,,,,,76342,
548,jp,11,2241,,,日本,埼玉県,戸田市,,,,,142070,
549,jp,11,2259,,,日本,埼玉県,入間市,,,,,143412,
550,jp,11,2275,,,日本,埼玉県,朝霞市,,,,,145938,
551,jp,11,2283,,,日本,埼玉県,志木市,,,,,76153,
552,jp,11,2291,,,日本,埼玉県,和光市,,,,,84890,
553,jp,11,2305,,,日本,埼玉県,新座市,,,,,166412,
554,jp,11,2313,,,日本,埼玉県,桶川市,,,,,74172,
555,jp,11,2321,,,日本,埼玉県,久喜市,,,,,150976,
556,jp,11,2330,,,日本,埼玉県,北本市,,,,,65274,
557,jp,11,2348,,,日本,埼玉県,八潮市,,,,,93655,
558,jp,11,2356,,,日本,埼玉県,富士見市,,,,,113404,
559,jp,11,2372,,,日本,埼玉県,三郷市,,,,,142152,
560,jp,11,2381,,,日本,埼玉県,蓮田市,,,,,61111,
561,jp,11,2399,,,日本,埼玉県,坂戸市,,,,,99632,
562,jp,11,2402,,,日本,埼玉県,幸手市,,,,,48801,
563,jp,11,2411,,,日本,埼玉県,鶴ヶ島市,,,,,69836,
564,jp,11,2429,,,日本,埼玉県,日高市,,,,,54192,
565,jp,11,2437,,,日本,埼玉県,吉川市,,,,,72396,
566,jp,11,2453,,,日本,埼玉県,ふじみ野市,,,,,114559,
567,jp,11,2461,,,日本,埼玉県,白岡市,,,,,52404,
568,jp,11,3018,,,日本,埼玉県,伊奈町,,,,,45042,
569,jp,11,3247,,,日本,埼玉県,三芳町,,,,,37377,
570,jp,11,3263,,,日本,埼玉県,毛呂山町,,,,,32043,
571,jp,11,3271,,,日本,埼玉県,越生町,,,,,10757,
572,jp,11,3417,,,日本,埼玉県,滑川町,,,,,19757,
573,jp,11,3425,,,日本,埼玉県,嵐山町,,,,,17328,
574,jp,11,3433,,,日本,埼玉県,小川町,,,,,27448,
575,jp,11,3468,,,日本,埼玉県,川島町,,,,,18671,
576,jp,11,3476,,,日本,埼玉県,吉見町,,,,,17620,
577,jp,11,3484,,,日本,埼玉県,鳩山町,,,,,12782,
578,jp,11,3492,,,日本,埼玉県,ときがわ町,,,,,10220,
579,jp,11,3611,,,日本,埼玉県,横瀬町,,,,,7601,
580,jp,11,3620,,,日本,埼玉県,皆野町,,,,,8878,
581,jp,11,3638,,,日本,埼玉県,長瀞町,,,,,6367,
582,jp,11,3654,,,日本,埼玉県,小鹿野町,,,,,10061,
583,jp,11,3697,,,日本,埼玉県,東秩父村,,,,,2406,
584,jp,11,3816,,,日本,埼玉県,美里町,,,,,10685,
585,jp,11,3832,,,日本,埼玉県,神川町,,,,,12759,
586,jp,11,3859,,,日本,埼玉県,上里町,,,,,30530,
587,jp,11,4081,,,日本,埼玉県,寄居町,,,,,31675,
588,jp,11,4421,,,日本,埼玉県,宮代町,,,,,33471,
589,jp,11,4642,,,日本,埼玉県,杉戸町,,,,,43562,
590,jp,11,4651,,,日本,埼玉県,松伏町,,,,,27857,
591,jp,12,,,,日本,千葉県,,,,,,6311579,
592,jp,12,1002,,,日本,千葉県,千葉市,,,,,983896,
593,jp,12,2025,,,日本,千葉県,銚子市,,,,,53986,
594,jp,12,2033,,,日本,千葉県,市川市,,,,,494720,
595,jp,12,2041,,,日本,千葉県,船橋市,,,,,649393,
596,jp,12,2050,,,日本,千葉県,館山市,,,,,43554,
597,jp,12,2068,,,日本,千葉県,木更津市,,,,,136843,
598,jp,12,2076,,,日本,千葉県,松戸市,,,,,500395,
599,jp,12,2084,,,日本,千葉県,野田市,,,,,153538,
600,jp,12,2106,,,日本,千葉県,茂原市,,,,,85861,
601,jp,12,2114,,,日本,千葉県,成田市,,,,,133099,
602,jp,12,2122,,,日本,千葉県,佐倉市,,,,,169506,
603,jp,12,2131,,,日本,千葉県,東金市,,,,,56524,
604,jp,12,2157,,,日本,千葉県,旭市,,,,,61986,
605,jp,12,2165,,,日本,千葉県,習志野市,,,,,175105,
606,jp,12,2173,,,日本,千葉県,柏市,,,,,437634,
607,jp,12,2181,,,日本,千葉県,勝浦市,,,,,15213,
608,jp,12,2190,,,日本,千葉県,市原市,,,,,266861,
609,jp,12,2203,,,日本,千葉県,流山市,,,,,212562,
610,jp,12,2211,,,日本,千葉県,八千代市,,,,,206692,
611,jp,12,2220,,,日本,千葉県,我孫子市,,,,,131317,
612,jp,12,2238,,,日本,千葉県,鴨川市,,,,,30209,
613,jp,12,2246,,,日本,千葉県,鎌ケ谷市,,,,,109757,
614,jp,12,2254,,,日本,千葉県,君津市,,,,,79520,
615,jp,12,2262,,,日本,千葉県,富津市,,,,,40427,
616,jp,12,2271,,,日本,千葉県,浦安市,,,,,171322,
617,jp,12,2289,,,日本,千葉県,四街道市,,,,,96424,
618,jp,12,2297,,,日本,千葉県,袖ケ浦市,,,,,66091,
619,jp,12,2301,,,日本,千葉県,八街市,,,,,66631,
620,jp,12,2319,,,日本,千葉県,印西市,,,,,111731,
621,jp,12,2327,,,日本,千葉県,白井市,,,,,62218,
622,jp,12,2335,,,日本,千葉県,富里市,,,,,49999,
623,jp,12,2343,,,日本,千葉県,南房総市,,,,,34066,
624,jp,12,2351,,,日本,千葉県,匝瑳市,,,,,33294,
625,jp,12,2360,,,日本,千葉県,香取市,,,,,69575,
626,jp,12,2378,,,日本,千葉県,山武市,,,,,47745,
627,jp,12,2386,,,日本,千葉県,いすみ市,,,,,34705,
628,jp,12,2394,,,日本,千葉県,大網白里市,,,,,47660,
629,jp,12,3226,,,日本,千葉県,酒々井町,,,,,20095,
630,jp,12,3293,,,日本,千葉県,栄町,,,,,19624,
631,jp,12,3421,,,日本,千葉県,神崎町,,,,,5634,
632,jp,12,3471,,,日本,千葉県,多古町,,,,,13426,
633,jp,12,3498,,,日本,千葉県,東庄町,,,,,12607,
634,jp,12,4036,,,日本,千葉県,九十九里町,,,,,14004,
635,jp,12,4095,,,日本,千葉県,芝山町,,,,,6644,
636,jp,12,4109,,,日本,千葉県,横芝光町,,,,,22095,
637,jp,12,4214,,,日本,千葉県,一宮町,,,,,12294,
638,jp,12,4222,,,日本,千葉県,睦沢町,,,,,6549,
639,jp,12,4231,,,日本,千葉県,長生村,,,,,13269,
640,jp,12,4249,,,日本,千葉県,白子町,,,,,10376,
641,jp,12,4265,,,日本,千葉県,長柄町,,,,,6233,
642,jp,12,4273,,,日本,千葉県,長南町,,,,,7074,
643,jp,12,4419,,,日本,千葉県,大多喜町,,,,,8005,
644,jp,12,4435,,,日本,千葉県,御宿町,,,,,6912,
645,jp,12,4630,,,日本,千葉県,鋸南町,,,,,6679,
646,jp,13,,,,日本,東京都,,,,,,14002534,
647,jp,13,1016,,,日本,東京都,千代田区,,,,,68835,
648,jp,13,1024,,,日本,東京都,中央区,,,,,187404,
649,jp,13,1032,,,日本,東京都,港区,,,,,267780,
650,jp,13,1041,,,日本,東京都,新宿区,,,,,352717,
651,jp,13,1059,,,日本,東京都,文京区,,,,,235345,
652,jp,13,1067,,,日本,東京都,台東区,,,,,216084,
653,jp,13,1075,,,日本,東京都,墨田区,,,,,287302,
654,jp,13,1083,,,日本,東京都,江東区,,,,,541685,
655,jp,13,1091,,,日本,東京都,品川区,,,,,412786,
656,jp,13,1105,,,日本,東京都,目黒区,,,,,281400,
657,jp,13,1113,,,日本,東京都,大田区,,,,,740519,
658,jp,13,1121,,,日本,東京都,世田谷区,,,,,923210,
659,jp,13,1130,,,日本,東京都,渋谷区,,,,,231402,
660,jp,13,1148,,,日本,東京都,中野区,,,,,341322,
661,jp,13,1156,,,日本,東京都,杉並区,,,,,577147,
662,jp,13,1164,,,日本,東京都,豊島区,,,,,294644,
663,jp,13,1172,,,日本,東京都,北区,,,,,362089,
664,jp,13,1181,,,日本,東京都,荒川区,,,,,222278,
665,jp,13,1199,,,日本,東京都,板橋区,,,,,578914,
666,jp,13,1202,,,日本,東京都,練馬区,,,,,745927,
667,jp,13,1211,,,日本,東京都,足立区,,,,,698276,
668,jp,13,1229,,,日本,東京都,葛飾区,,,,,469916,
669,jp,13,1237,,,日本,東京都,江戸川区,,,,,693570,
670,jp,13,2012,,,日本,東京都,八王子市,,,,,559083,
671,jp,13,2021,,,日本,東京都,立川市,,,,,186257,
672,jp,13,2039,,,日本,東京都,武蔵野市,,,,,148034,
673,jp,13,2047,,,日本,東京都,三鷹市,,,,,190497,
674,jp,13,2055,,,日本,東京都,青梅市,,,,,129105,
675,jp,13,2063,,,日本,東京都,府中市,,,,,260998,
676,jp,13,2071,,,日本,東京都,昭島市,,,,,115632,
677,jp,13,2080,,,日本,東京都,調布市,,,,,239348,
678,jp,13,2098,,,日本,東京都,町田市,,,,,430170,
679,jp,13,2101,,,日本,東京都,小金井市,,,,,125174,
680,jp,13,2110,,,日本,東京都,小平市,,,,,196799,
681,jp,13,2128,,,日本,東京都,日野市,,,,,188477,
682,jp,13,2136,,,日本,東京都,東村山市,,,,,151795,
683,jp,13,2144,,,日本,東京都,国分寺市,,,,,129500,
684,jp,13,2152,,,日本,東京都,国立市,,,,,76079,
685,jp,13,2187,,,日本,東京都,福生市,,,,,56582,
686,jp,13,2195,,,日本,東京都,狛江市,,,,,82048,
687,jp,13,2209,,,日本,東京都,東大和市,,,,,84996,
688,jp,13,2217,,,日本,東京都,清瀬市,,,,,75011,
689,jp,13,2225,,,日本,東京都,東久留米市,,,,,116325,
690,jp,13,2233,,,日本,東京都,武蔵村山市,,,,,70696,
691,jp,13,2241,,,日本,東京都,多摩市,,,,,148084,
692,jp,13,2250,,,日本,東京都,稲城市,,,,,93916,
693,jp,13,2276,,,日本,東京都,羽村市,,,,,54126,
694,jp,13,2284,,,日本,東京都,あきる野市,,,,,79244,
695,jp,13,2292,,,日本,東京都,西東京市,,,,,206245,
696,jp,13,3035,,,日本,東京都,瑞穂町,,,,,32013,
697,jp,13,3051,,,日本,東京都,日の出町,,,,,16061,
698,jp,13,3078,,,日本,東京都,檜原村,,,,,1923,
699,jp,13,3086,,,日本,東京都,奥多摩町,,,,,4492,
700,jp,13,3612,,,日本,東京都,大島町,,,,,6813,
701,jp,13,3621,,,日本,東京都,利島村,,,,,300,
702,jp,13,3639,,,日本,東京都,新島村,,,,,2415,
703,jp,13,3647,,,日本,東京都,神津島村,,,,,1737,
704,jp,13,3817,,,日本,東京都,三宅村,,,,,2211,
705,jp,13,3825,,,日本,東京都,御蔵島村,,,,,302,
706,jp,13,4015,,,日本,東京都,八丈町,,,,,6838,
707,jp,13,4023,,,日本,東京都,青ヶ島村,,,,,160,
708,jp,13,4210,,,日本,東京都,小笠原村,,,,,2496,
709,jp,14,,,,日本,神奈川県,,,,,,9202559,
710,jp,14,1003,,,日本,神奈川県,横浜市,,,,,3753398,
711,jp,14,1305,,,日本,神奈川県,川崎市,,,,,1535141,
712,jp,14,1500,,,日本,神奈川県,相模原市,,,,,716494,
713,jp,14,2018,,,日本,神奈川県,横須賀市,,,,,379041,
714,jp,14,2034,,,日本,神奈川県,平塚市,,,,,256549,
715,jp,14,2042,,,日本,神奈川県,鎌倉市,,,,,174535,
716,jp,14,2051,,,日本,神奈川県,藤沢市,,,,,445041,
717,jp,14,2069,,,日本,神奈川県,小田原市,,,,,186464,
718,jp,14,2077,,,日本,神奈川県,茅ヶ崎市,,,,,247345,
719,jp,14,2085,,,日本,神奈川県,逗子市,,,,,57827,
720,jp,14,2107,,,日本,神奈川県,三浦市,,,,,39842,
721,jp,14,2115,,,日本,神奈川県,秦野市,,,,,158573,
722,jp,14,2123,,,日本,神奈川県,厚木市,,,,,223424,
723,jp,14,2131,,,日本,神奈川県,大和市,,,,,245750,
724,jp,14,2140,,,日本,神奈川県,伊勢原市,,,,,99816,
725,jp,14,2158,,,日本,神奈川県,海老名市,,,,,140763,
726,jp,14,2166,,,日本,神奈川県,座間市,,,,,131219,
727,jp,14,2174,,,日本,神奈川県,南足柄市,,,,,40164,
728,jp,14,2182,,,日本,神奈川県,綾瀬市,,,,,83952,
729,jp,14,3014,,,日本,神奈川県,葉山町,,,,,31813,
730,jp,14,3219,,,日本,神奈川県,寒川町,,,,,48997,
731,jp,14,3413,,,日本,神奈川県,大磯町,,,,,31757,
732,jp,14,3421,,,日本,神奈川県,二宮町,,,,,27415,
733,jp,14,3618,,,日本,神奈川県,中井町,,,,,8901,
734,jp,14,3626,,,日本,神奈川県,大井町,,,,,17426,
735,jp,14,3634,,,日本,神奈川県,松田町,,,,,10419,
736,jp,14,3642,,,日本,神奈川県,山北町,,,,,9263,
737,jp,14,3669,,,日本,神奈川県,開成町,,,,,18566,
738,jp,14,3821,,,日本,神奈川県,箱根町,,,,,10835,
739,jp,14,3839,,,日本,神奈川県,真鶴町,,,,,6553,
740,jp,14,3847,,,日本,神奈川県,湯河原町,,,,,23183,
741,jp,14,4011,,,日本,神奈川県,愛川町,,,,,39377,
742,jp,14,4029,,,日本,神奈川県,清川村,,,,,2716,
743,jp,15,,,,日本,新潟県,,,,,,2110754,
744,jp,15,1009,,,日本,新潟県,新潟市,,,,,761503,
745,jp,15,2021,,,日本,新潟県,長岡市,,,,,255261,
746,jp,15,2048,,,日本,新潟県,三条市,,,,,91178,
747,jp,15,2056,,,日本,新潟県,柏崎市,,,,,76217,
748,jp,15,2064,,,日本,新潟県,新発田市,,,,,91677,
749,jp,15,2081,,,日本,新潟県,小千谷市,,,,,32602,
750,jp,15,2099,,,日本,新潟県,加茂市,,,,,24079,
751,jp,15,2102,,,日本,新潟県,十日町市,,,,,47124,
752,jp,15,2111,,,日本,新潟県,見附市,,,,,38061,
753,jp,15,2129,,,日本,新潟県,村上市,,,,,53492,
754,jp,15,2137,,,日本,新潟県,燕市,,,,,75935,
755,jp,15,2161,,,日本,新潟県,糸魚川市,,,,,38041,
756,jp,15,2170,,,日本,新潟県,妙高市,,,,,29514,
757,jp,15,2188,,,日本,新潟県,五泉市,,,,,45690,
758,jp,15,2226,,,日本,新潟県,上越市,,,,,180440,
759,jp,15,2234,,,日本,新潟県,阿賀野市,,,,,39165,
760,jp,15,2242,,,日本,新潟県,佐渡市,,,,,48103,
761,jp,15,2251,,,日本,新潟県,魚沼市,,,,,32522,
762,jp,15,2269,,,日本,新潟県,南魚沼市,,,,,52376,
763,jp,15,2277,,,日本,新潟県,胎内市,,,,,26791,
764,jp,15,3079,,,日本,新潟県,聖籠町,,,,,13986,
765,jp,15,3427,,,日本,新潟県,弥彦村,,,,,7534,
766,jp,15,3613,,,日本,新潟県,田上町,,,,,10581,
767,jp,15,3851,,,日本,新潟県,阿賀町,,,,,9047,
768,jp,15,4059,,,日本,新潟県,出雲崎町,,,,,3886,
769,jp,15,4610,,,日本,新潟県,湯沢町,,,,,8268,
770,jp,15,4822,,,日本,新潟県,津南町,,,,,8456,
771,jp,15,5047,,,日本,新潟県,刈羽村,,,,,4222,
772,jp,15,5811,,,日本,新潟県,関川村,,,,,4691,
773,jp,15,5861,,,日本,新潟県,粟島浦村,,,,,312,
774,jp,16,,,,日本,富山県,,,,,,1008536,
775,jp,16,2019,,,日本,富山県,富山市,,,,,403757,
776,jp,16,2027,,,日本,富山県,高岡市,,,,,162672,
777,jp,16,2043,,,日本,富山県,魚津市,,,,,38617,
778,jp,16,2051,,,日本,富山県,氷見市,,,,,42167,
779,jp,16,2060,,,日本,富山県,滑川市,,,,,32489,
780,jp,16,2078,,,日本,富山県,黒部市,,,,,39155,
781,jp,16,2086,,,日本,富山県,砺波市,,,,,46674,
782,jp,16,2094,,,日本,富山県,小矢部市,,,,,27857,
783,jp,16,2108,,,日本,富山県,南砺市,,,,,46071,
784,jp,16,2116,,,日本,富山県,射水市,,,,,90184,
785,jp,16,3210,,,日本,富山県,舟橋村,,,,,3313,
786,jp,16,3228,,,日本,富山県,上市町,,,,,18657,
787,jp,16,3236,,,日本,富山県,立山町,,,,,24294,
788,jp,16,3422,,,日本,富山県,入善町,,,,,22256,
789,jp,16,3431,,,日本,富山県,朝日町,,,,,10373,
790,jp,17,,,,日本,石川県,,,,,,1098121,
791,jp,17,2014,,,日本,石川県,金沢市,,,,,443123,
792,jp,17,2022,,,日本,石川県,七尾市,,,,,46500,
793,jp,17,2031,,,日本,石川県,小松市,,,,,105475,
794,jp,17,2049,,,日本,石川県,輪島市,,,,,20928,
795,jp,17,2057,,,日本,石川県,珠洲市,,,,,11374,
796,jp,17,2065,,,日本,石川県,加賀市,,,,,61703,
797,jp,17,2073,,,日本,石川県,羽咋市,,,,,19585,
798,jp,17,2090,,,日本,石川県,かほく市,,,,,36200,
799,jp,17,2103,,,日本,石川県,白山市,,,,,112524,
800,jp,17,2111,,,日本,石川県,能美市,,,,,49704,
801,jp,17,2120,,,日本,石川県,野々市市,,,,,54583,
802,jp,17,3240,,,日本,石川県,川北町,,,,,6041,
803,jp,17,3614,,,日本,石川県,津幡町,,,,,37521,
804,jp,17,3657,,,日本,石川県,内灘町,,,,,25662,
805,jp,17,3843,,,日本,石川県,志賀町,,,,,17609,
806,jp,17,3860,,,日本,石川県,宝達志水町,,,,,11822,
807,jp,17,4076,,,日本,石川県,中能登町,,,,,16529,
808,jp,17,4611,,,日本,石川県,穴水町,,,,,6907,
809,jp,17,4637,,,日本,石川県,能登町,,,,,14331,
810,jp,18,,,,日本,福井県,,,,,,746690,
811,jp,18,2010,,,日本,福井県,福井市,,,,,254029,
812,jp,18,2028,,,日本,福井県,敦賀市,,,,,62382,
813,jp,18,2044,,,日本,福井県,小浜市,,,,,27644,
814,jp,18,2052,,,日本,福井県,大野市,,,,,29821,
815,jp,18,2061,,,日本,福井県,勝山市,,,,,21056,
816,jp,18,2079,,,日本,福井県,鯖江市,,,,,68302,
817,jp,18,2087,,,日本,福井県,あわら市,,,,,26306,
818,jp,18,2095,,,日本,福井県,越前市,,,,,80418,
819,jp,18,2109,,,日本,福井県,坂井市,,,,,88430,
820,jp,18,3229,,,日本,福井県,永平寺町,,,,,17644,
821,jp,18,3822,,,日本,福井県,池田町,,,,,2186,
822,jp,18,4047,,,日本,福井県,南越前町,,,,,9448,
823,jp,18,4233,,,日本,福井県,越前町,,,,,19769,
824,jp,18,4420,,,日本,福井県,美浜町,,,,,8676,
825,jp,18,4811,,,日本,福井県,高浜町,,,,,9544,
826,jp,18,4837,,,日本,福井県,おおい町,,,,,7681,
827,jp,18,5019,,,日本,福井県,若狭町,,,,,13354,
828,jp,19,,,,日本,山梨県,,,,,,801056,
829,jp,19,2015,,,日本,山梨県,甲府市,,,,,183850,
830,jp,19,2023,,,日本,山梨県,富士吉田市,,,,,46364,
831,jp,19,2040,,,日本,山梨県,都留市,,,,,28509,
832,jp,19,2058,,,日本,山梨県,山梨市,,,,,32710,
833,jp,19,2066,,,日本,山梨県,大月市,,,,,21314,
834,jp,19,2074,,,日本,山梨県,韮崎市,,,,,27798,
835,jp,19,2082,,,日本,山梨県,南アルプス市,,,,,71726,
836,jp,19,2091,,,日本,山梨県,北杜市,,,,,45380,
837,jp,19,2104,,,日本,山梨県,甲斐市,,,,,76370,
838,jp,19,2112,,,日本,山梨県,笛吹市,,,,,66857,
839,jp,19,2121,,,日本,山梨県,上野原市,,,,,21208,
840,jp,19,2139,,,日本,山梨県,甲州市,,,,,29079,
841,jp,19,2147,,,日本,山梨県,中央市,,,,,30597,
842,jp,19,3461,,,日本,山梨県,市川三郷町,,,,,14434,
843,jp,19,3640,,,日本,山梨県,早川町,,,,,859,
844,jp,19,3658,,,日本,山梨県,身延町,,,,,9677,
845,jp,19,3666,,,日本,山梨県,南部町,,,,,6765,
846,jp,19,3682,,,日本,山梨県,富士川町,,,,,13926,
847,jp,19,3844,,,日本,山梨県,昭和町,,,,,21387,
848,jp,19,4221,,,日本,山梨県,道志村,,,,,1509,
849,jp,19,4239,,,日本,山梨県,西桂町,,,,,3888,
850,jp,19,4247,,,日本,山梨県,忍野村,,,,,9737,
851,jp,19,4255,,,日本,山梨県,山中湖村,,,,,5822,
852,jp,19,4298,,,日本,山梨県,鳴沢村,,,,,3058,
853,jp,19,4301,,,日本,山梨県,富士河口湖町,,,,,27115,
854,jp,19,4425,,,日本,山梨県,小菅村,,,,,616,
855,jp,19,4433,,,日本,山梨県,丹波山村,,,,,501,
856,jp,20,,,,日本,長野県,,,,,,2012399,
857,jp,20,2011,,,日本,長野県,長野市,,,,,362609,
858,jp,20,2029,,,日本,長野県,松本市,,,,,234111,
859,jp,20,2037,,,日本,長野県,上田市,,,,,151540,
860,jp,20,2045,,,日本,長野県,岡谷市,,,,,46469,
861,jp,20,2053,,,日本,長野県,飯田市,,,,,94944,
862,jp,20,2061,,,日本,長野県,諏訪市,,,,,47559,
863,jp,20,2070,,,日本,長野県,須坂市,,,,,49149,
864,jp,20,2088,,,日本,長野県,小諸市,,,,,41248,
865,jp,20,2096,,,日本,長野県,伊那市,,,,,64901,
866,jp,20,2100,,,日本,長野県,駒ヶ根市,,,,,31325,
867,jp,20,2118,,,日本,長野県,中野市,,,,,42162,
868,jp,20,2126,,,日本,長野県,大町市,,,,,25301,
869,jp,20,2134,,,日本,長野県,飯山市,,,,,18812,
870,jp,20,2142,,,日本,長野県,茅野市,,,,,54066,
871,jp,20,2151,,,日本,長野県,塩尻市,,,,,65205,
872,jp,20,2177,,,日本,長野県,佐久市,,,,,97380,
873,jp,20,2185,,,日本,長野県,千曲市,,,,,58845,
874,jp,20,2193,,,日本,長野県,東御市,,,,,28958,
875,jp,20,2207,,,日本,長野県,安曇野市,,,,,95868,
876,jp,20,3033,,,日本,長野県,小海町,,,,,4196,
877,jp,20,3041,,,日本,長野県,川上村,,,,,3631,
878,jp,20,3050,,,日本,長野県,南牧村,,,,,2977,
879,jp,20,3068,,,日本,長野県,南相木村,,,,,926,
880,jp,20,3076,,,日本,長野県,北相木村,,,,,647,
881,jp,20,3092,,,日本,長野県,佐久穂町,,,,,10179,
882,jp,20,3211,,,日本,長野県,軽井沢町,,,,,21752,
883,jp,20,3238,,,日本,長野県,御代田町,,,,,16770,
884,jp,20,3246,,,日本,長野県,立科町,,,,,6674,
885,jp,20,3491,,,日本,長野県,青木村,,,,,4086,
886,jp,20,3505,,,日本,長野県,長和町,,,,,5514,
887,jp,20,3611,,,日本,長野県,下諏訪町,,,,,18470,
888,jp,20,3629,,,日本,長野県,富士見町,,,,,14107,
889,jp,20,3637,,,日本,長野県,原村,,,,,8090,
890,jp,20,3823,,,日本,長野県,辰野町,,,,,18009,
891,jp,20,3831,,,日本,長野県,箕輪町,,,,,24387,
892,jp,20,3840,,,日本,長野県,飯島町,,,,,8863,
893,jp,20,3858,,,日本,長野県,南箕輪村,,,,,16051,
894,jp,20,3866,,,日本,長野県,中川村,,,,,4620,
895,jp,20,3882,,,日本,長野県,宮田村,,,,,8743,
896,jp,20,4021,,,日本,長野県,松川町,,,,,12445,
897,jp,20,4030,,,日本,長野県,高森町,,,,,12606,
898,jp,20,4048,,,日本,長野県,阿南町,,,,,3931,
899,jp,20,4072,,,日本,長野県,阿智村,,,,,5941,
900,jp,20,4099,,,日本,長野県,平谷村,,,,,377,
901,jp,20,4102,,,日本,長野県,根羽村,,,,,806,
902,jp,20,4111,,,日本,長野県,下條村,,,,,3421,
903,jp,20,4129,,,日本,長野県,売木村,,,,,472,
904,jp,20,4137,,,日本,長野県,天龍村,,,,,1028,
905,jp,20,4145,,,日本,長野県,泰阜村,,,,,1426,
906,jp,20,4153,,,日本,長野県,喬木村,,,,,5888,
907,jp,20,4161,,,日本,長野県,豊丘村,,,,,6501,
908,jp,20,4170,,,日本,長野県,大鹿村,,,,,868,
909,jp,20,4226,,,日本,長野県,上松町,,,,,3930,
910,jp,20,4234,,,日本,長野県,南木曽町,,,,,3674,
911,jp,20,4251,,,日本,長野県,木祖村,,,,,2516,
912,jp,20,4293,,,日本,長野県,王滝村,,,,,640,
913,jp,20,4307,,,日本,長野県,大桑村,,,,,3206,
914,jp,20,4323,,,日本,長野県,木曽町,,,,,9817,
915,jp,20,4463,,,日本,長野県,麻績村,,,,,2412,
916,jp,20,4480,,,日本,長野県,生坂村,,,,,1615,
917,jp,20,4501,,,日本,長野県,山形村,,,,,8486,
918,jp,20,4510,,,日本,長野県,朝日村,,,,,4263,
919,jp,20,4528,,,日本,長野県,筑北村,,,,,3976,
920,jp,20,4811,,,日本,長野県,池田町,,,,,9114,
921,jp,20,4820,,,日本,長野県,松川村,,,,,9648,
922,jp,20,4854,,,日本,長野県,白馬村,,,,,9525,
923,jp,20,4862,,,日本,長野県,小谷村,,,,,2811,
924,jp,20,5214,,,日本,長野県,坂城町,,,,,13872,
925,jp,20,5419,,,日本,長野県,小布施町,,,,,10987,
926,jp,20,5435,,,日本,長野県,高山村,,,,,6413,
927,jp,20,5613,,,日本,長野県,山ノ内町,,,,,11229,
928,jp,20,5621,,,日本,長野県,木島平村,,,,,4237,
929,jp,20,5630,,,日本,長野県,野沢温泉村,,,,,3582,
930,jp,20,5834,,,日本,長野県,信濃町,,,,,7560,
931,jp,20,5885,,,日本,長野県,小川村,,,,,2198,
932,jp,20,5907,,,日本,長野県,飯綱町,,,,,10274,
933,jp,20,6024,,,日本,長野県,栄村,,,,,1560,
934,jp,21,,,,日本,岐阜県,,,,,,1951292,
935,jp,21,2016,,,日本,岐阜県,岐阜市,,,,,399127,
936,jp,21,2024,,,日本,岐阜県,大垣市,,,,,156912,
937,jp,21,2032,,,日本,岐阜県,高山市,,,,,82486,
938,jp,21,2041,,,日本,岐阜県,多治見市,,,,,105048,
939,jp,21,2059,,,日本,岐阜県,関市,,,,,83930,
940,jp,21,2067,,,日本,岐阜県,中津川市,,,,,73535,
941,jp,21,2075,,,日本,岐阜県,美濃市,,,,,18991,
942,jp,21,2083,,,日本,岐阜県,瑞浪市,,,,,35279,
943,jp,21,2091,,,日本,岐阜県,羽島市,,,,,66517,
944,jp,21,2105,,,日本,岐阜県,恵那市,,,,,46054,
945,jp,21,2113,,,日本,岐阜県,美濃加茂市,,,,,57595,
946,jp,21,2121,,,日本,岐阜県,土岐市,,,,,54243,
947,jp,21,2130,,,日本,岐阜県,各務原市,,,,,144195,
948,jp,21,2148,,,日本,岐阜県,可児市,,,,,99779,
949,jp,21,2156,,,日本,岐阜県,山県市,,,,,24767,
950,jp,21,2164,,,日本,岐阜県,瑞穂市,,,,,56343,
951,jp,21,2172,,,日本,岐阜県,飛騨市,,,,,21674,
952,jp,21,2181,,,日本,岐阜県,本巣市,,,,,32885,
953,jp,21,2199,,,日本,岐阜県,郡上市,,,,,37728,
954,jp,21,2202,,,日本,岐阜県,下呂市,,,,,28915,
955,jp,21,2211,,,日本,岐阜県,海津市,,,,,31505,
956,jp,21,3021,,,日本,岐阜県,岐南町,,,,,26366,
957,jp,21,3039,,,日本,岐阜県,笠松町,,,,,21829,
958,jp,21,3411,,,日本,岐阜県,養老町,,,,,25971,
959,jp,21,3616,,,日本,岐阜県,垂井町,,,,,25746,
960,jp,21,3624,,,日本,岐阜県,関ケ原町,,,,,6135,
961,jp,21,3811,,,日本,岐阜県,神戸町,,,,,18210,
962,jp,21,3829,,,日本,岐阜県,輪之内町,,,,,9086,
963,jp,21,3837,,,日本,岐阜県,安八町,,,,,14456,
964,jp,21,4019,,,日本,岐阜県,揖斐川町,,,,,18633,
965,jp,21,4035,,,日本,岐阜県,大野町,,,,,21449,
966,jp,21,4043,,,日本,岐阜県,池田町,,,,,22461,
967,jp,21,4213,,,日本,岐阜県,北方町,,,,,18568,
968,jp,21,5015,,,日本,岐阜県,坂祝町,,,,,8264,
969,jp,21,5023,,,日本,岐阜県,富加町,,,,,5884,
970,jp,21,5031,,,日本,岐阜県,川辺町,,,,,9761,
971,jp,21,5040,,,日本,岐阜県,七宗町,,,,,3186,
972,jp,21,5058,,,日本,岐阜県,八百津町,,,,,9861,
973,jp,21,5066,,,日本,岐阜県,白川町,,,,,6914,
974,jp,21,5074,,,日本,岐阜県,東白川村,,,,,2011,
975,jp,21,5210,,,日本,岐阜県,御嵩町,,,,,17523,
976,jp,21,6046,,,日本,岐阜県,白川村,,,,,1470,
977,jp,22,,,,日本,静岡県,,,,,,3575704,
978,jp,22,1007,,,日本,静岡県,静岡市,,,,,672775,
979,jp,22,1309,,,日本,静岡県,浜松市,,,,,783924,
980,jp,22,2038,,,日本,静岡県,沼津市,,,,,185758,
981,jp,22,2054,,,日本,静岡県,熱海市,,,,,33290,
982,jp,22,2062,,,日本,静岡県,三島市,,,,,104961,
983,jp,22,2071,,,日本,静岡県,富士宮市,,,,,126857,
984,jp,22,2089,,,日本,静岡県,伊東市,,,,,64438,
985,jp,22,2097,,,日本,静岡県,島田市,,,,,94747,
986,jp,22,2101,,,日本,静岡県,富士市,,,,,246491,
987,jp,22,2119,,,日本,静岡県,磐田市,,,,,165426,
988,jp,22,2127,,,日本,静岡県,焼津市,,,,,135294,
989,jp,22,2135,,,日本,静岡県,掛川市,,,,,115126,
990,jp,22,2143,,,日本,静岡県,藤枝市,,,,,139870,
991,jp,22,2151,,,日本,静岡県,御殿場市,,,,,83487,
992,jp,22,2160,,,日本,静岡県,袋井市,,,,,87941,
993,jp,22,2194,,,日本,静岡県,下田市,,,,,19282,
994,jp,22,2208,,,日本,静岡県,裾野市,,,,,48688,
995,jp,22,2216,,,日本,静岡県,湖西市,,,,,57216,
996,jp,22,2224,,,日本,静岡県,伊豆市,,,,,27748,
997,jp,22,2232,,,日本,静岡県,御前崎市,,,,,29715,
998,jp,22,2241,,,日本,静岡県,菊川市,,,,,47179,
999,jp,22,2259,,,日本,静岡県,伊豆の国市,,,,,45983,
1000,jp,22,2267,,,日本,静岡県,牧之原市,,,,,42326,
1001,jp,22,3018,,,日本,静岡県,東伊豆町,,,,,11093,
1002,jp,22,3026,,,日本,静岡県,河津町,,,,,6398,
1003,jp,22,3042,,,日本,静岡県,南伊豆町,,,,,7340,
1004,jp,22,3051,,,日本,静岡県,松崎町,,,,,5658,
1005,jp,22,3069,,,日本,静岡県,西伊豆町,,,,,6639,
1006,jp,22,3255,,,日本,静岡県,函南町,,,,,36105,
1007,jp,22,3417,,,日本,静岡県,清水町,,,,,31637,
1008,jp,22,3425,,,日本,静岡県,長泉町,,,,,43705,
1009,jp,22,3441,,,日本,静岡県,小山町,,,,,16975,
1010,jp,22,4243,,,日本,静岡県,吉田町,,,,,28964,
1011,jp,22,4294,,,日本,静岡県,川根本町,,,,,5700,
1012,jp,22,4618,,,日本,静岡県,森町,,,,,16968,
1013,jp,23,,,,日本,愛知県,,,,,,7483755,
1014,jp,23,1002,,,日本,愛知県,名古屋市,,,,,2303004,
1015,jp,23,2017,,,日本,愛知県,豊橋市,,,,,366089,
1016,jp,23,2025,,,日本,愛知県,岡崎市,,,,,382656,
1017,jp,23,2033,,,日本,愛知県,一宮市,,,,,376861,
1018,jp,23,2041,,,日本,愛知県,瀬戸市,,,,,126274,
1019,jp,23,2050,,,日本,愛知県,半田市,,,,,116209,
1020,jp,23,2068,,,日本,愛知県,春日井市,,,,,305902,
1021,jp,23,2076,,,日本,愛知県,豊川市,,,,,185900,
1022,jp,23,2084,,,日本,愛知県,津島市,,,,,59566,
1023,jp,23,2092,,,日本,愛知県,碧南市,,,,,72242,
1024,jp,23,2106,,,日本,愛知県,刈谷市,,,,,152984,
1025,jp,23,2114,,,日本,愛知県,豊田市,,,,,414750,
1026,jp,23,2122,,,日本,愛知県,安城市,,,,,187665,
1027,jp,23,2131,,,日本,愛知県,西尾市,,,,,169528,
1028,jp,23,2149,,,日本,愛知県,市,,,,,77535,
1029,jp,23,2157,,,日本,愛知県,犬山市,,,,,71334,
1030,jp,23,2165,,,日本,愛知県,常滑市,,,,,58662,
1031,jp,23,2173,,,日本,愛知県,江南市,,,,,98124,
1032,jp,23,2190,,,日本,愛知県,小牧市,,,,,149025,
1033,jp,23,2203,,,日本,愛知県,稲沢市,,,,,132879,
1034,jp,23,2211,,,日本,愛知県,新城市,,,,,42375,
1035,jp,23,2220,,,日本,愛知県,東海市,,,,,113352,
1036,jp,23,2238,,,日本,愛知県,大府市,,,,,93014,
1037,jp,23,2246,,,日本,愛知県,知多市,,,,,83017,
1038,jp,23,2254,,,日本,愛知県,知立市,,,,,72646,
1039,jp,23,2262,,,日本,愛知県,尾張旭市,,,,,83782,
1040,jp,23,2271,,,日本,愛知県,高浜市,,,,,49041,
1041,jp,23,2289,,,日本,愛知県,岩倉市,,,,,47761,
1042,jp,23,2297,,,日本,愛知県,豊明市,,,,,67902,
1043,jp,23,2301,,,日本,愛知県,日進市,,,,,94207,
1044,jp,23,2319,,,日本,愛知県,田原市,,,,,58270,
1045,jp,23,2327,,,日本,愛知県,愛西市,,,,,60457,
1046,jp,23,2335,,,日本,愛知県,清須市,,,,,68707,
1047,jp,23,2343,,,日本,愛知県,北名古屋市,,,,,85843,
1048,jp,23,2351,,,日本,愛知県,弥富市,,,,,43534,
1049,jp,23,2360,,,日本,愛知県,みよし市,,,,,61408,
1050,jp,23,2378,,,日本,愛知県,あま市,,,,,88393,
1051,jp,23,2386,,,日本,愛知県,長久手市,,,,,61512,
1052,jp,23,3021,,,日本,愛知県,東郷町,,,,,43928,
1053,jp,23,3421,,,日本,愛知県,豊山町,,,,,15984,
1054,jp,23,3617,,,日本,愛知県,大口町,,,,,24004,
1055,jp,23,3625,,,日本,愛知県,扶桑町,,,,,35043,
1056,jp,23,4249,,,日本,愛知県,大治町,,,,,33566,
1057,jp,23,4257,,,日本,愛知県,蟹江町,,,,,36824,
1058,jp,23,4273,,,日本,愛知県,飛島村,,,,,4713,
1059,jp,23,4419,,,日本,愛知県,阿久比町,,,,,28083,
1060,jp,23,4427,,,日本,愛知県,東浦町,,,,,50029,
1061,jp,23,4451,,,日本,愛知県,南知多町,,,,,15506,
1062,jp,23,4460,,,日本,愛知県,美浜町,,,,,20560,
1063,jp,23,4478,,,日本,愛知県,武豊町,,,,,43399,
1064,jp,23,5016,,,日本,愛知県,幸田町,,,,,42023,
1065,jp,23,5610,,,日本,愛知県,設楽町,,,,,4051,
1066,jp,23,5628,,,日本,愛知県,東栄町,,,,,2703,
1067,jp,23,5636,,,日本,愛知県,豊根村,,,,,929,
1068,jp,24,,,,日本,三重県,,,,,,1741266,
1069,jp,24,2012,,,日本,三重県,津市,,,,,268388,
1070,jp,24,2021,,,日本,三重県,四日市市,,,,,306378,
1071,jp,24,2039,,,日本,三重県,伊勢市,,,,,118849,
1072,jp,24,2047,,,日本,三重県,松阪市,,,,,156026,
1073,jp,24,2055,,,日本,三重県,桑名市,,,,,137978,
1074,jp,24,2071,,,日本,三重県,鈴鹿市,,,,,194451,
1075,jp,24,2080,,,日本,三重県,名張市,,,,,74229,
1076,jp,24,2098,,,日本,三重県,尾鷲市,,,,,15524,
1077,jp,24,2101,,,日本,三重県,亀山市,,,,,49130,
1078,jp,24,2110,,,日本,三重県,鳥羽市,,,,,16424,
1079,jp,24,2128,,,日本,三重県,熊野市,,,,,14981,
1080,jp,24,2144,,,日本,三重県,いなべ市,,,,,44507,
1081,jp,24,2152,,,日本,三重県,志摩市,,,,,44110,
1082,jp,24,2161,,,日本,三重県,伊賀市,,,,,84603,
1083,jp,24,3035,,,日本,三重県,木曽岬町,,,,,5875,
1084,jp,24,3248,,,日本,三重県,東員町,,,,,25737,
1085,jp,24,3418,,,日本,三重県,菰野町,,,,,40758,
1086,jp,24,3434,,,日本,三重県,朝日町,,,,,11107,
1087,jp,24,3442,,,日本,三重県,川越町,,,,,15745,
1088,jp,24,4414,,,日本,三重県,多気町,,,,,13637,
1089,jp,24,4422,,,日本,三重県,明和町,,,,,22630,
1090,jp,24,4431,,,日本,三重県,大台町,,,,,8204,
1091,jp,24,4619,,,日本,三重県,玉城町,,,,,15035,
1092,jp,24,4708,,,日本,三重県,度会町,,,,,7556,
1093,jp,24,4716,,,日本,三重県,大紀町,,,,,7227,
1094,jp,24,4724,,,日本,三重県,南伊勢町,,,,,10489,
1095,jp,24,5437,,,日本,三重県,紀北町,,,,,13759,
1096,jp,24,5615,,,日本,三重県,御浜町,,,,,7809,
1097,jp,24,5623,,,日本,三重県,紀宝町,,,,,10120,
1098,jp,25,,,,日本,滋賀県,,,,,,1405246,
1099,jp,25,2018,,,日本,滋賀県,大津市,,,,,343600,
1100,jp,25,2026,,,日本,滋賀県,彦根市,,,,,110878,
1101,jp,25,2034,,,日本,滋賀県,長浜市,,,,,112294,
1102,jp,25,2042,,,日本,滋賀県,近江八幡市,,,,,81942,
1103,jp,25,2069,,,日本,滋賀県,草津市,,,,,140515,
1104,jp,25,2077,,,日本,滋賀県,守山市,,,,,85881,
1105,jp,25,2085,,,日本,滋賀県,栗東市,,,,,70412,
1106,jp,25,2093,,,日本,滋賀県,甲賀市,,,,,87729,
1107,jp,25,2107,,,日本,滋賀県,野洲市,,,,,50607,
1108,jp,25,2115,,,日本,滋賀県,湖南市,,,,,54065,
1109,jp,25,2123,,,日本,滋賀県,高島市,,,,,45190,
1110,jp,25,2131,,,日本,滋賀県,東近江市,,,,,111349,
1111,jp,25,2140,,,日本,滋賀県,米原市,,,,,36928,
1112,jp,25,3839,,,日本,滋賀県,日野町,,,,,20702,
1113,jp,25,3847,,,日本,滋賀県,竜王町,,,,,11239,
1114,jp,25,4258,,,日本,滋賀県,愛荘町,,,,,21042,
1115,jp,25,4410,,,日本,滋賀県,豊郷町,,,,,7117,
1116,jp,25,4428,,,日本,滋賀県,甲良町,,,,,6410,
1117,jp,25,4436,,,日本,滋賀県,多賀町,,,,,7346,
1118,jp,26,,,,日本,京都府,,,,,,2472013,
1119,jp,26,1009,,,日本,京都府,京都市,,,,,1373887,
1120,jp,26,2013,,,日本,京都府,福知山市,,,,,74540,
1121,jp,26,2021,,,日本,京都府,舞鶴市,,,,,75322,
1122,jp,26,2030,,,日本,京都府,綾部市,,,,,31072,
1123,jp,26,2048,,,日本,京都府,宇治市,,,,,179582,
1124,jp,26,2056,,,日本,京都府,宮津市,,,,,15966,
1125,jp,26,2064,,,日本,京都府,亀岡市,,,,,86209,
1126,jp,26,2072,,,日本,京都府,城陽市,,,,,73321,
1127,jp,26,2081,,,日本,京都府,向日市,,,,,56186,
1128,jp,26,2099,,,日本,京都府,長岡京市,,,,,82218,
1129,jp,26,2102,,,日本,京都府,八幡市,,,,,68598,
1130,jp,26,2111,,,日本,京都府,京田辺市,,,,,72011,
1131,jp,26,2129,,,日本,京都府,京丹後市,,,,,50042,
1132,jp,26,2137,,,日本,京都府,南丹市,,,,,29531,
1133,jp,26,2145,,,日本,京都府,木津川市,,,,,79339,
1134,jp,26,3036,,,日本,京都府,大山崎町,,,,,16633,
1135,jp,26,3222,,,日本,京都府,久御山町,,,,,15231,
1136,jp,26,3435,,,日本,京都府,井手町,,,,,6958,
1137,jp,26,3443,,,日本,京都府,宇治田原町,,,,,8688,
1138,jp,26,3648,,,日本,京都府,笠置町,,,,,1066,
1139,jp,26,3656,,,日本,京都府,和束町,,,,,3377,
1140,jp,26,3664,,,日本,京都府,精華町,,,,,36210,
1141,jp,26,3672,,,日本,京都府,南山城村,,,,,2379,
1142,jp,26,4075,,,日本,京都府,京丹波町,,,,,12384,
1143,jp,26,4636,,,日本,京都府,伊根町,,,,,1861,
1144,jp,26,4652,,,日本,京都府,与謝野町,,,,,19402,
1145,jp,27,,,,日本,大阪府,,,,,,8771961,
1146,jp,27,1004,,,日本,大阪府,大阪市,,,,,2778917,
1147,jp,27,1403,,,日本,大阪府,堺市,,,,,811993,
1148,jp,27,2027,,,日本,大阪府,岸和田市,,,,,186596,
1149,jp,27,2035,,,日本,大阪府,豊中市,,,,,405955,
1150,jp,27,2043,,,日本,大阪府,池田市,,,,,102636,
1151,jp,27,2051,,,日本,大阪府,吹田市,,,,,384506,
1152,jp,27,2060,,,日本,大阪府,泉大津市,,,,,72762,
1153,jp,27,2078,,,日本,大阪府,高槻市,,,,,345589,
1154,jp,27,2086,,,日本,大阪府,貝塚市,,,,,81420,
1155,jp,27,2094,,,日本,大阪府,守口市,,,,,140923,
1156,jp,27,2108,,,日本,大阪府,枚方市,,,,,392328,
1157,jp,27,2116,,,日本,大阪府,茨木市,,,,,286042,
1158,jp,27,2124,,,日本,大阪府,八尾市,,,,,259158,
1159,jp,27,2132,,,日本,大阪府,泉佐野市,,,,,99318,
1160,jp,27,2141,,,日本,大阪府,富田林市,,,,,105715,
1161,jp,27,2159,,,日本,大阪府,寝屋川市,,,,,224378,
1162,jp,27,2167,,,日本,大阪府,河内長野市,,,,,97912,
1163,jp,27,2175,,,日本,大阪府,松原市,,,,,116259,
1164,jp,27,2183,,,日本,大阪府,大東市,,,,,115687,
1165,jp,27,2191,,,日本,大阪府,和泉市,,,,,182481,
1166,jp,27,2205,,,日本,大阪府,箕面市,,,,,139527,
1167,jp,27,2213,,,日本,大阪府,柏原市,,,,,66500,
1168,jp,27,2221,,,日本,大阪府,羽曳野市,,,,,107406,
1169,jp,27,2230,,,日本,大阪府,門真市,,,,,116179,
1170,jp,27,2248,,,日本,大阪府,摂津市,,,,,86344,
1171,jp,27,2256,,,日本,大阪府,高石市,,,,,55968,
1172,jp,27,2264,,,日本,大阪府,藤井寺市,,,,,62304,
1173,jp,27,2272,,,日本,大阪府,東大阪市,,,,,477700,
1174,jp,27,2281,,,日本,大阪府,泉南市,,,,,58145,
1175,jp,27,2299,,,日本,大阪府,四條畷市,,,,,53749,
1176,jp,27,2302,,,日本,大阪府,交野市,,,,,77191,
1177,jp,27,2311,,,日本,大阪府,大阪狭山市,,,,,57746,
1178,jp,27,2329,,,日本,大阪府,阪南市,,,,,50080,
1179,jp,27,3015,,,日本,大阪府,島本町,,,,,32247,
1180,jp,27,3210,,,日本,大阪府,豊能町,,,,,17804,
1181,jp,27,3228,,,日本,大阪府,能勢町,,,,,8940,
1182,jp,27,3414,,,日本,大阪府,忠岡町,,,,,16317,
1183,jp,27,3619,,,日本,大阪府,熊取町,,,,,42544,
1184,jp,27,3627,,,日本,大阪府,田尻町,,,,,8484,
1185,jp,27,3660,,,日本,大阪府,岬町,,,,,14295,
1186,jp,27,3813,,,日本,大阪府,太子町,,,,,12673,
1187,jp,27,3821,,,日本,大阪府,河南町,,,,,14556,
1188,jp,27,3830,,,日本,大阪府,千早赤阪村,,,,,4687,
1189,jp,28,,,,日本,兵庫県,,,,,,5393607,
1190,jp,28,1000,,,日本,兵庫県,神戸市,,,,,1493543,
1191,jp,28,2014,,,日本,兵庫県,姫路市,,,,,523181,
1192,jp,28,2022,,,日本,兵庫県,尼崎市,,,,,457508,
1193,jp,28,2031,,,日本,兵庫県,明石市,,,,,307235,
1194,jp,28,2049,,,日本,兵庫県,西宮市,,,,,480818,
1195,jp,28,2057,,,日本,兵庫県,洲本市,,,,,40767,
1196,jp,28,2065,,,日本,兵庫県,芦屋市,,,,,94007,
1197,jp,28,2073,,,日本,兵庫県,伊丹市,,,,,200284,
1198,jp,28,2081,,,日本,兵庫県,相生市,,,,,27058,
1199,jp,28,2090,,,日本,兵庫県,豊岡市,,,,,75177,
1200,jp,28,2103,,,日本,兵庫県,加古川市,,,,,257203,
1201,jp,28,2120,,,日本,兵庫県,赤穂市,,,,,44179,
1202,jp,28,2138,,,日本,兵庫県,西脇市,,,,,37688,
1203,jp,28,2146,,,日本,兵庫県,宝塚市,,,,,227645,
1204,jp,28,2154,,,日本,兵庫県,三木市,,,,,73091,
1205,jp,28,2162,,,日本,兵庫県,高砂市,,,,,86511,
1206,jp,28,2171,,,日本,兵庫県,川西市,,,,,152914,
1207,jp,28,2189,,,日本,兵庫県,小野市,,,,,46825,
1208,jp,28,2197,,,日本,兵庫県,三田市,,,,,106482,
1209,jp,28,2201,,,日本,兵庫県,加西市,,,,,41455,
1210,jp,28,2219,,,日本,兵庫県,丹波篠山市,,,,,39095,
1211,jp,28,2227,,,日本,兵庫県,養父市,,,,,21005,
1212,jp,28,2235,,,日本,兵庫県,丹波市,,,,,60033,
1213,jp,28,2243,,,日本,兵庫県,南あわじ市,,,,,43732,
1214,jp,28,2251,,,日本,兵庫県,朝来市,,,,,27754,
1215,jp,28,2260,,,日本,兵庫県,淡路市,,,,,41364,
1216,jp,28,2278,,,日本,兵庫県,宍粟市,,,,,33749,
1217,jp,28,2286,,,日本,兵庫県,加東市,,,,,39413,
1218,jp,28,2294,,,日本,兵庫県,たつの市,,,,,72271,
1219,jp,28,3011,,,日本,兵庫県,猪名川町,,,,,28644,
1220,jp,28,3657,,,日本,兵庫県,多可町,,,,,18605,
1221,jp,28,3819,,,日本,兵庫県,稲美町,,,,,30491,
1222,jp,28,3827,,,日本,兵庫県,播磨町,,,,,34687,
1223,jp,28,4424,,,日本,兵庫県,市川町,,,,,10660,
1224,jp,28,4432,,,日本,兵庫県,福崎町,,,,,18573,
1225,jp,28,4467,,,日本,兵庫県,神河町,,,,,10144,
1226,jp,28,4645,,,日本,兵庫県,太子町,,,,,33414,
1227,jp,28,4815,,,日本,兵庫県,上郡町,,,,,13543,
1228,jp,28,5013,,,日本,兵庫県,佐用町,,,,,14727,
1229,jp,28,5854,,,日本,兵庫県,香美町,,,,,15303,
1230,jp,28,5862,,,日本,兵庫県,新温泉町,,,,,12829,
1231,jp,29,,,,日本,奈良県,,,,,,1303867,
1232,jp,29,2010,,,日本,奈良県,奈良市,,,,,347187,
1233,jp,29,2028,,,日本,奈良県,大和高田市,,,,,61818,
1234,jp,29,2036,,,日本,奈良県,山市,,,,,82598,
1235,jp,29,2044,,,日本,奈良県,天理市,,,,,60686,
1236,jp,29,2052,,,日本,奈良県,橿原市,,,,,118556,
1237,jp,29,2061,,,日本,奈良県,桜井市,,,,,54272,
1238,jp,29,2079,,,日本,奈良県,五條市,,,,,26900,
1239,jp,29,2087,,,日本,奈良県,御所市,,,,,23144,
1240,jp,29,2095,,,日本,奈良県,生駒市,,,,,116553,
1241,jp,29,2109,,,日本,奈良県,香芝市,,,,,78324,
1242,jp,29,2117,,,日本,奈良県,葛城市,,,,,37794,
1243,jp,29,2125,,,日本,奈良県,宇陀市,,,,,26694,
1244,jp,29,3229,,,日本,奈良県,山添村,,,,,3055,
1245,jp,29,3423,,,日本,奈良県,平群町,,,,,18142,
1246,jp,29,3431,,,日本,奈良県,三郷町,,,,,22349,
1247,jp,29,3440,,,日本,奈良県,斑鳩町,,,,,28036,
1248,jp,29,3458,,,日本,奈良県,安堵町,,,,,6975,
1249,jp,29,3610,,,日本,奈良県,川西町,,,,,7986,
1250,jp,29,3628,,,日本,奈良県,三宅町,,,,,6422,
1251,jp,29,3636,,,日本,奈良県,田原本町,,,,,31379,
1252,jp,29,3857,,,日本,奈良県,曽爾村,,,,,1270,
1253,jp,29,3865,,,日本,奈良県,御杖村,,,,,1347,
1254,jp,29,4012,,,日本,奈良県,高取町,,,,,6045,
1255,jp,29,4021,,,日本,奈良県,明日香村,,,,,5049,
1256,jp,29,4241,,,日本,奈良県,上牧町,,,,,21157,
1257,jp,29,4250,,,日本,奈良県,王寺町,,,,,23694,
1258,jp,29,4268,,,日本,奈良県,広陵町,,,,,35020,
1259,jp,29,4276,,,日本,奈良県,河合町,,,,,16614,
1260,jp,29,4411,,,日本,奈良県,吉野町,,,,,5834,
1261,jp,29,4420,,,日本,奈良県,大淀町,,,,,15797,
1262,jp,29,4438,,,日本,奈良県,下市町,,,,,4405,
1263,jp,29,4446,,,日本,奈良県,黒滝村,,,,,589,
1264,jp,29,4462,,,日本,奈良県,天川村,,,,,1194,
1265,jp,29,4471,,,日本,奈良県,野迫川村,,,,,322,
1266,jp,29,4497,,,日本,奈良県,十津川村,,,,,2757,
1267,jp,29,4501,,,日本,奈良県,下北山村,,,,,796,
1268,jp,29,4519,,,日本,奈良県,上北山村,,,,,421,
1269,jp,29,4527,,,日本,奈良県,川上村,,,,,1188,
1270,jp,29,4535,,,日本,奈良県,東吉野村,,,,,1498,
1271,jp,30,,,,日本,和歌山県,,,,,,901193,
1272,jp,30,2015,,,日本,和歌山県,和歌山市,,,,,352941,
1273,jp,30,2023,,,日本,和歌山県,海南市,,,,,46492,
1274,jp,30,2031,,,日本,和歌山県,橋本市,,,,,58792,
1275,jp,30,2040,,,日本,和歌山県,有田市,,,,,25230,
1276,jp,30,2058,,,日本,和歌山県,御坊市,,,,,21074,
1277,jp,30,2066,,,日本,和歌山県,田辺市,,,,,67316,
1278,jp,30,2074,,,日本,和歌山県,新宮市,,,,,25822,
1279,jp,30,2082,,,日本,和歌山県,紀の川市,,,,,58920,
1280,jp,30,2091,,,日本,和歌山県,岩出市,,,,,53900,
1281,jp,30,3046,,,日本,和歌山県,紀美野町,,,,,7711,
1282,jp,30,3411,,,日本,和歌山県,かつらぎ町,,,,,15299,
1283,jp,30,3437,,,日本,和歌山県,九度山町,,,,,3760,
1284,jp,30,3445,,,日本,和歌山県,高野町,,,,,2605,
1285,jp,30,3615,,,日本,和歌山県,湯浅町,,,,,10731,
1286,jp,30,3623,,,日本,和歌山県,広川町,,,,,6403,
1287,jp,30,3666,,,日本,和歌山県,有田川町,,,,,24954,
1288,jp,30,3810,,,日本,和歌山県,美浜町,,,,,6324,
1289,jp,30,3828,,,日本,和歌山県,日高町,,,,,7953,
1290,jp,30,3836,,,日本,和歌山県,由良町,,,,,5035,
1291,jp,30,3909,,,日本,和歌山県,印南町,,,,,7636,
1292,jp,30,3917,,,日本,和歌山県,みなべ町,,,,,11516,
1293,jp,30,3925,,,日本,和歌山県,日高川町,,,,,8962,
1294,jp,30,4018,,,日本,和歌山県,白浜町,,,,,19753,
1295,jp,30,4042,,,日本,和歌山県,上富田町,,,,,15683,
1296,jp,30,4069,,,日本,和歌山県,すさみ町,,,,,3471,
1297,jp,30,4212,,,日本,和歌山県,那智勝浦町,,,,,13468,
1298,jp,30,4221,,,日本,和歌山県,太地町,,,,,2834,
1299,jp,30,4247,,,日本,和歌山県,古座川町,,,,,2302,
1300,jp,30,4271,,,日本,和歌山県,北山村,,,,,382,
1301,jp,30,4280,,,日本,和歌山県,串本町,,,,,13924,
1302,jp,31,,,,日本,鳥取県,,,,,,534003,
1303,jp,31,2011,,,日本,鳥取県,鳥取市,,,,,179215,
1304,jp,31,2029,,,日本,鳥取県,米子市,,,,,144056,
1305,jp,31,2037,,,日本,鳥取県,倉吉市,,,,,43663,
1306,jp,31,2045,,,日本,鳥取県,境港市,,,,,32469,
1307,jp,31,3025,,,日本,鳥取県,岩美町,,,,,10769,
1308,jp,31,3254,,,日本,鳥取県,若桜町,,,,,2671,
1309,jp,31,3289,,,日本,鳥取県,智頭町,,,,,6129,
1310,jp,31,3297,,,日本,鳥取県,八頭町,,,,,15488,
1311,jp,31,3645,,,日本,鳥取県,三朝町,,,,,5788,
1312,jp,31,3700,,,日本,鳥取県,湯梨浜町,,,,,16219,
1313,jp,31,3718,,,日本,鳥取県,琴浦町,,,,,15784,
1314,jp,31,3726,,,日本,鳥取県,北栄町,,,,,14127,
1315,jp,31,3840,,,日本,鳥取県,日吉津村,,,,,3616,
1316,jp,31,3866,,,日本,鳥取県,大山町,,,,,14786,
1317,jp,31,3891,,,日本,鳥取県,南部町,,,,,10099,
1318,jp,31,3904,,,日本,鳥取県,伯耆町,,,,,10145,
1319,jp,31,4013,,,日本,鳥取県,日南町,,,,,3865,
1320,jp,31,4021,,,日本,鳥取県,日野町,,,,,2635,
1321,jp,31,4030,,,日本,鳥取県,江府町,,,,,2479,
1322,jp,32,,,,日本,島根県,,,,,,642590,
1323,jp,32,2016,,,日本,島根県,松江市,,,,,194313,
1324,jp,32,2024,,,日本,島根県,浜田市,,,,,48576,
1325,jp,32,2032,,,日本,島根県,出雲市,,,,,172327,
1326,jp,32,2041,,,日本,島根県,益田市,,,,,42986,
1327,jp,32,2059,,,日本,島根県,大田市,,,,,31475,
1328,jp,32,2067,,,日本,島根県,安来市,,,,,35112,
1329,jp,32,2075,,,日本,島根県,江津市,,,,,21202,
1330,jp,32,2091,,,日本,島根県,雲南市,,,,,34426,
1331,jp,32,3438,,,日本,島根県,奥出雲町,,,,,11077,
1332,jp,32,3861,,,日本,島根県,飯南町,,,,,4355,
1333,jp,32,4418,,,日本,島根県,川本町,,,,,2982,
1334,jp,32,4485,,,日本,島根県,美郷町,,,,,4034,
1335,jp,32,4493,,,日本,島根県,邑南町,,,,,9467,
1336,jp,32,5015,,,日本,島根県,津和野町,,,,,6373,
1337,jp,32,5058,,,日本,島根県,吉賀町,,,,,5571,
1338,jp,32,5252,,,日本,島根県,海士町,,,,,2209,
1339,jp,32,5261,,,日本,島根県,西ノ島町,,,,,2495,
1340,jp,32,5279,,,日本,島根県,知夫村,,,,,574,
1341,jp,32,5287,,,日本,島根県,隠岐の島町,,,,,13036,
1342,jp,33,,,,日本,岡山県,,,,,,1835478,
1343,jp,33,1007,,,日本,岡山県,岡山市,,,,,695690,
1344,jp,33,2020,,,日本,岡山県,倉敷市,,,,,473670,
1345,jp,33,2038,,,日本,岡山県,津山市,,,,,95030,
1346,jp,33,2046,,,日本,岡山県,玉野市,,,,,54130,
1347,jp,33,2054,,,日本,岡山県,笠岡市,,,,,44030,
1348,jp,33,2071,,,日本,岡山県,井原市,,,,,36670,
1349,jp,33,2089,,,日本,岡山県,総社市,,,,,69625,
1350,jp,33,2097,,,日本,岡山県,高梁市,,,,,26020,
1351,jp,33,2101,,,日本,岡山県,新見市,,,,,25939,
1352,jp,33,2119,,,日本,岡山県,備前市,,,,,30816,
1353,jp,33,2127,,,日本,岡山県,瀬戸内市,,,,,36160,
1354,jp,33,2135,,,日本,岡山県,赤磐市,,,,,42490,
1355,jp,33,2143,,,日本,岡山県,真庭市,,,,,40778,
1356,jp,33,2151,,,日本,岡山県,美作市,,,,,24886,
1357,jp,33,2160,,,日本,岡山県,浅口市,,,,,32525,
1358,jp,33,3468,,,日本,岡山県,和気町,,,,,12871,
1359,jp,33,4235,,,日本,岡山県,早島町,,,,,12748,
1360,jp,33,4456,,,日本,岡山県,里庄町,,,,,10883,
1361,jp,33,4618,,,日本,岡山県,矢掛町,,,,,13101,
1362,jp,33,5860,,,日本,岡山県,新庄村,,,,,793,
1363,jp,33,6068,,,日本,岡山県,鏡野町,,,,,12017,
1364,jp,33,6220,,,日本,岡山県,勝央町,,,,,10737,
1365,jp,33,6238,,,日本,岡山県,奈義町,,,,,5515,
1366,jp,33,6432,,,日本,岡山県,西粟倉村,,,,,1331,
1367,jp,33,6637,,,日本,岡山県,久米南町,,,,,4290,
1368,jp,33,6661,,,日本,岡山県,美咲町,,,,,12538,
1369,jp,33,6815,,,日本,岡山県,吉備中央町,,,,,10195,
1370,jp,34,,,,日本,広島県,,,,,,2728771,
1371,jp,34,1002,,,日本,広島県,広島市,,,,,1173543,
1372,jp,34,2025,,,日本,広島県,呉市,,,,,201242,
1373,jp,34,2033,,,日本,広島県,竹原市,,,,,22557,
1374,jp,34,2041,,,日本,広島県,三原市,,,,,87075,
1375,jp,34,2050,,,日本,広島県,尾道市,,,,,126396,
1376,jp,34,2076,,,日本,広島県,福山市,,,,,455028,
1377,jp,34,2084,,,日本,広島県,府中市,,,,,35105,
1378,jp,34,2092,,,日本,広島県,三次市,,,,,47904,
1379,jp,34,2106,,,日本,広島県,庄原市,,,,,31198,
1380,jp,34,2114,,,日本,広島県,大竹市,,,,,25353,
1381,jp,34,2122,,,日本,広島県,東広島市,,,,,190911,
1382,jp,34,2131,,,日本,広島県,廿日市市,,,,,115451,
1383,jp,34,2149,,,日本,広島県,安芸高田市,,,,,26041,
1384,jp,34,2157,,,日本,広島県,江田島市,,,,,20690,
1385,jp,34,3021,,,日本,広島県,府中町,,,,,52074,
1386,jp,34,3048,,,日本,広島県,海田町,,,,,30810,
1387,jp,34,3072,,,日本,広島県,熊野町,,,,,23475,
1388,jp,34,3099,,,日本,広島県,坂町,,,,,12498,
1389,jp,34,3684,,,日本,広島県,安芸太田町,,,,,5367,
1390,jp,34,3692,,,日本,広島県,北広島町,,,,,16953,
1391,jp,34,4311,,,日本,広島県,大崎上島町,,,,,6779,
1392,jp,34,4621,,,日本,広島県,世羅町,,,,,14519,
1393,jp,34,5458,,,日本,広島県,神石高原町,,,,,7802,
1394,jp,35,,,,日本,山口県,,,,,,1292956,
1395,jp,35,2012,,,日本,山口県,下関市,,,,,243422,
1396,jp,35,2021,,,日本,山口県,宇部市,,,,,156438,
1397,jp,35,2039,,,日本,山口県,山口市,,,,,185982,
1398,jp,35,2047,,,日本,山口県,萩市,,,,,41637,
1399,jp,35,2063,,,日本,山口県,防府市,,,,,113144,
1400,jp,35,2071,,,日本,山口県,下松市,,,,,56637,
1401,jp,35,2080,,,日本,山口県,岩国市,,,,,124568,
1402,jp,35,2101,,,日本,山口県,光市,,,,,48015,
1403,jp,35,2110,,,日本,山口県,長門市,,,,,30207,
1404,jp,35,2128,,,日本,山口県,柳井市,,,,,29233,
1405,jp,35,2136,,,日本,山口県,美祢市,,,,,20921,
1406,jp,35,2152,,,日本,山口県,周南市,,,,,134733,
1407,jp,35,2161,,,日本,山口県,山陽小野田市,,,,,58871,
1408,jp,35,3051,,,日本,山口県,周防大島町,,,,,13537,
1409,jp,35,3213,,,日本,山口県,和木町,,,,,5695,
1410,jp,35,3418,,,日本,山口県,上関町,,,,,2190,
1411,jp,35,3434,,,日本,山口県,田布施町,,,,,14033,
1412,jp,35,3442,,,日本,山口県,平生町,,,,,10748,
1413,jp,35,5020,,,日本,山口県,阿武町,,,,,2945,
1414,jp,36,,,,日本,徳島県,,,,,,700409,
1415,jp,36,2018,,,日本,徳島県,徳島市,,,,,244830,
1416,jp,36,2026,,,日本,徳島県,鳴門市,,,,,53240,
1417,jp,36,2034,,,日本,徳島県,小松島市,,,,,34604,
1418,jp,36,2042,,,日本,徳島県,阿南市,,,,,67946,
1419,jp,36,2051,,,日本,徳島県,吉野川市,,,,,37558,
1420,jp,36,2069,,,日本,徳島県,阿波市,,,,,34188,
1421,jp,36,2077,,,日本,徳島県,美馬市,,,,,26264,
1422,jp,36,2085,,,日本,徳島県,三好市,,,,,22225,
1423,jp,36,3014,,,日本,徳島県,勝浦町,,,,,4570,
1424,jp,36,3022,,,日本,徳島県,上勝町,,,,,1337,
1425,jp,36,3219,,,日本,徳島県,佐那河内村,,,,,2106,
1426,jp,36,3413,,,日本,徳島県,石井町,,,,,24567,
1427,jp,36,3421,,,日本,徳島県,神山町,,,,,4673,
1428,jp,36,3685,,,日本,徳島県,那賀町,,,,,7060,
1429,jp,36,3839,,,日本,徳島県,牟岐町,,,,,3424,
1430,jp,36,3871,,,日本,徳島県,美波町,,,,,5711,
1431,jp,36,3880,,,日本,徳島県,海陽町,,,,,8199,
1432,jp,36,4011,,,日本,徳島県,松茂町,,,,,14356,
1433,jp,36,4029,,,日本,徳島県,北島町,,,,,23682,
1434,jp,36,4037,,,日本,徳島県,藍住町,,,,,35320,
1435,jp,36,4045,,,日本,徳島県,板野町,,,,,12812,
1436,jp,36,4053,,,日本,徳島県,上板町,,,,,11140,
1437,jp,36,4681,,,日本,徳島県,つるぎ町,,,,,7392,
1438,jp,36,4894,,,日本,徳島県,東みよし町,,,,,13205,
1439,jp,37,,,,日本,香川県,,,,,,939965,
1440,jp,37,2013,,,日本,香川県,高松市,,,,,417660,
1441,jp,37,2021,,,日本,香川県,丸亀市,,,,,110803,
1442,jp,37,2030,,,日本,香川県,坂出市,,,,,49575,
1443,jp,37,2048,,,日本,香川県,善通寺市,,,,,29891,
1444,jp,37,2056,,,日本,香川県,観音寺市,,,,,56361,
1445,jp,37,2064,,,日本,香川県,さぬき市,,,,,44348,
1446,jp,37,2072,,,日本,香川県,東かがわ市,,,,,27353,
1447,jp,37,2081,,,日本,香川県,三豊市,,,,,60480,
1448,jp,37,3222,,,日本,香川県,土庄町,,,,,12384,
1449,jp,37,3249,,,日本,香川県,小豆島町,,,,,13057,
1450,jp,37,3419,,,日本,香川県,三木町,,,,,26877,
1451,jp,37,3648,,,日本,香川県,直島町,,,,,2896,
1452,jp,37,3869,,,日本,香川県,宇多津町,,,,,18305,
1453,jp,37,3877,,,日本,香川県,綾川町,,,,,22906,
1454,jp,37,4032,,,日本,香川県,琴平町,,,,,8140,
1455,jp,37,4041,,,日本,香川県,多度津町,,,,,21813,
1456,jp,37,4067,,,日本,香川県,まんのう町,,,,,17116,
1457,jp,38,,,,日本,愛媛県,,,,,,1296359,
1458,jp,38,2019,,,日本,愛媛県,松山市,,,,,496666,
1459,jp,38,2027,,,日本,愛媛県,今治市,,,,,147702,
1460,jp,38,2035,,,日本,愛媛県,宇和島市,,,,,66981,
1461,jp,38,2043,,,日本,愛媛県,八幡浜市,,,,,30019,
1462,jp,38,2051,,,日本,愛媛県,新居浜市,,,,,112724,
1463,jp,38,2060,,,日本,愛媛県,西条市,,,,,103413,
1464,jp,38,2078,,,日本,愛媛県,大洲市,,,,,39040,
1465,jp,38,2108,,,日本,愛媛県,伊予市,,,,,35173,
1466,jp,38,2132,,,日本,愛媛県,四国中央市,,,,,80965,
1467,jp,38,2141,,,日本,愛媛県,西予市,,,,,33721,
1468,jp,38,2159,,,日本,愛媛県,東温市,,,,,32959,
1469,jp,38,3562,,,日本,愛媛県,上島町,,,,,6085,
1470,jp,38,3864,,,日本,愛媛県,久万高原町,,,,,6889,
1471,jp,38,4011,,,日本,愛媛県,松前町,,,,,30195,
1472,jp,38,4020,,,日本,愛媛県,砥部町,,,,,20190,
1473,jp,38,4224,,,日本,愛媛県,内子町,,,,,14708,
1474,jp,38,4429,,,日本,愛媛県,伊方町,,,,,7764,
1475,jp,38,4844,,,日本,愛媛県,松野町,,,,,3484,
1476,jp,38,4887,,,日本,愛媛県,鬼北町,,,,,9108,
1477,jp,38,5069,,,日本,愛媛県,愛南町,,,,,18573,
1478,jp,39,,,,日本,高知県,,,,,,664863,
1479,jp,39,2014,,,日本,高知県,高知市,,,,,312228,
1480,jp,39,2022,,,日本,高知県,室戸市,,,,,11273,
1481,jp,39,2031,,,日本,高知県,安芸市,,,,,15555,
1482,jp,39,2049,,,日本,高知県,南国市,,,,,45979,
1483,jp,39,2057,,,日本,高知県,土佐市,,,,,25646,
1484,jp,39,2065,,,日本,高知県,須崎市,,,,,19325,
1485,jp,39,2081,,,日本,高知県,宿毛市,,,,,18394,
1486,jp,39,2090,,,日本,高知県,土佐清水市,,,,,11591,
1487,jp,39,2103,,,日本,高知県,四万十市,,,,,31424,
1488,jp,39,2111,,,日本,高知県,香南市,,,,,32585,
1489,jp,39,2120,,,日本,高知県,香美市,,,,,24667,
1490,jp,39,3011,,,日本,高知県,東洋町,,,,,2059,
1491,jp,39,3029,,,日本,高知県,奈半利町,,,,,2858,
1492,jp,39,3037,,,日本,高知県,田野町,,,,,2419,
1493,jp,39,3045,,,日本,高知県,安田町,,,,,2269,
1494,jp,39,3053,,,日本,高知県,北川村,,,,,1177,
1495,jp,39,3061,,,日本,高知県,馬路村,,,,,762,
1496,jp,39,3070,,,日本,高知県,芸西村,,,,,3570,
1497,jp,39,3410,,,日本,高知県,本山町,,,,,3125,
1498,jp,39,3444,,,日本,高知県,大豊町,,,,,2961,
1499,jp,39,3631,,,日本,高知県,土佐町,,,,,3488,
1500,jp,39,3649,,,日本,高知県,大川村,,,,,355,
1501,jp,39,3860,,,日本,高知県,いの町,,,,,20829,
1502,jp,39,3878,,,日本,高知県,仁淀川町,,,,,4459,
1503,jp,39,4017,,,日本,高知県,中土佐町,,,,,5774,
1504,jp,39,4025,,,日本,高知県,佐川町,,,,,11805,
1505,jp,39,4033,,,日本,高知県,越知町,,,,,4811,
1506,jp,39,4050,,,日本,高知県,檮原町,,,,,3084,
1507,jp,39,4106,,,日本,高知県,日高村,,,,,4704,
1508,jp,39,4114,,,日本,高知県,津野町,,,,,5184,
1509,jp,39,4122,,,日本,高知県,四万十町,,,,,14945,
1510,jp,39,4246,,,日本,高知県,大月町,,,,,4348,
1511,jp,39,4271,,,日本,高知県,三原村,,,,,1355,
1512,jp,39,4289,,,日本,高知県,黒潮町,,,,,9855,
1513,jp,40,,,,日本,福岡県,,,,,,5086957,
1514,jp,40,1005,,,日本,福岡県,北九州市,,,,,913577,
1515,jp,40,1307,,,日本,福岡県,福岡市,,,,,1608140,
1516,jp,40,2028,,,日本,福岡県,大牟田市,,,,,104688,
1517,jp,40,2036,,,日本,福岡県,久留米市,,,,,300199,
1518,jp,40,2044,,,日本,福岡県,直方市,,,,,54838,
1519,jp,40,2052,,,日本,福岡県,飯塚市,,,,,124118,
1520,jp,40,2061,,,日本,福岡県,田川市,,,,,44839,
1521,jp,40,2079,,,日本,福岡県,柳川市,,,,,61536,
1522,jp,40,2109,,,日本,福岡県,八女市,,,,,59544,
1523,jp,40,2117,,,日本,福岡県,筑後市,,,,,49134,
1524,jp,40,2125,,,日本,福岡県,大川市,,,,,31147,
1525,jp,40,2133,,,日本,福岡県,行橋市,,,,,72254,
1526,jp,40,2141,,,日本,福岡県,豊前市,,,,,23322,
1527,jp,40,2150,,,日本,福岡県,中間市,,,,,39014,
1528,jp,40,2168,,,日本,福岡県,市,,,,,59509,
1529,jp,40,2176,,,日本,福岡県,筑紫野市,,,,,106375,
1530,jp,40,2184,,,日本,福岡県,春日市,,,,,111919,
1531,jp,40,2192,,,日本,福岡県,大野城市,,,,,103537,
1532,jp,40,2206,,,日本,福岡県,宗像市,,,,,96869,
1533,jp,40,2214,,,日本,福岡県,太宰府市,,,,,71566,
1534,jp,40,2231,,,日本,福岡県,古賀市,,,,,59184,
1535,jp,40,2249,,,日本,福岡県,福津市,,,,,69201,
1536,jp,40,2257,,,日本,福岡県,うきは市,,,,,27382,
1537,jp,40,2265,,,日本,福岡県,宮若市,,,,,26092,
1538,jp,40,2273,,,日本,福岡県,嘉麻市,,,,,34143,
1539,jp,40,2281,,,日本,福岡県,朝倉市,,,,,50024,
1540,jp,40,2290,,,日本,福岡県,みやま市,,,,,34291,
1541,jp,40,2303,,,日本,福岡県,糸島市,,,,,104175,
1542,jp,40,2311,,,日本,福岡県,那珂川市,,,,,49435,
1543,jp,40,3415,,,日本,福岡県,宇美町,,,,,36878,
1544,jp,40,3423,,,日本,福岡県,篠栗町,,,,,31261,
1545,jp,40,3431,,,日本,福岡県,志免町,,,,,46379,
1546,jp,40,3440,,,日本,福岡県,須惠町,,,,,29307,
1547,jp,40,3458,,,日本,福岡県,新宮町,,,,,32979,
1548,jp,40,3482,,,日本,福岡県,久山町,,,,,9410,
1549,jp,40,3491,,,日本,福岡県,粕屋町,,,,,48723,
1550,jp,40,3814,,,日本,福岡県,芦屋町,,,,,12728,
1551,jp,40,3822,,,日本,福岡県,水巻町,,,,,27531,
1552,jp,40,3831,,,日本,福岡県,岡垣町,,,,,31460,
1553,jp,40,3849,,,日本,福岡県,遠賀町,,,,,18900,
1554,jp,40,4012,,,日本,福岡県,小竹町,,,,,6890,
1555,jp,40,4021,,,日本,福岡県,鞍手町,,,,,14774,
1556,jp,40,4217,,,日本,福岡県,桂川町,,,,,12738,
1557,jp,40,4471,,,日本,福岡県,筑前町,,,,,30805,
1558,jp,40,4489,,,日本,福岡県,東峰村,,,,,1762,
1559,jp,40,5035,,,日本,福岡県,大刀洗町,,,,,16121,
1560,jp,40,5221,,,日本,福岡県,大木町,,,,,13653,
1561,jp,40,5442,,,日本,福岡県,広川町,,,,,19141,
1562,jp,40,6015,,,日本,福岡県,香春町,,,,,9962,
1563,jp,40,6023,,,日本,福岡県,添田町,,,,,8311,
1564,jp,40,6040,,,日本,福岡県,糸田町,,,,,8269,
1565,jp,40,6058,,,日本,福岡県,川崎町,,,,,14804,
1566,jp,40,6082,,,日本,福岡県,大任町,,,,,5037,
1567,jp,40,6091,,,日本,福岡県,赤村,,,,,2843,
1568,jp,40,6104,,,日本,福岡県,福智町,,,,,20888,
1569,jp,40,6210,,,日本,福岡県,苅田町,,,,,37553,
1570,jp,40,6252,,,日本,福岡県,みやこ町,,,,,17710,
1571,jp,40,6422,,,日本,福岡県,吉富町,,,,,6512,
1572,jp,40,6465,,,日本,福岡県,上毛町,,,,,7142,
1573,jp,40,6473,,,日本,福岡県,築上町,,,,,16434,
1574,jp,41,,,,日本,佐賀県,,,,,,794252,
1575,jp,41,2015,,,日本,佐賀県,佐賀市,,,,,226481,
1576,jp,41,2023,,,日本,佐賀県,唐津市,,,,,113890,
1577,jp,41,2031,,,日本,佐賀県,鳥栖市,,,,,74529,
1578,jp,41,2040,,,日本,佐賀県,多久市,,,,,17604,
1579,jp,41,2058,,,日本,佐賀県,伊万里市,,,,,51664,
1580,jp,41,2066,,,日本,佐賀県,武雄市,,,,,46972,
1581,jp,41,2074,,,日本,佐賀県,鹿島市,,,,,27242,
1582,jp,41,2082,,,日本,佐賀県,小城市,,,,,44063,
1583,jp,41,2091,,,日本,佐賀県,嬉野市,,,,,24446,
1584,jp,41,2104,,,日本,佐賀県,神埼市,,,,,30185,
1585,jp,41,3275,,,日本,佐賀県,吉野ヶ里町,,,,,16162,
1586,jp,41,3411,,,日本,佐賀県,基山町,,,,,17565,
1587,jp,41,3453,,,日本,佐賀県,上峰町,,,,,9870,
1588,jp,41,3461,,,日本,佐賀県,みやき町,,,,,25773,
1589,jp,41,3879,,,日本,佐賀県,玄海町,,,,,4825,
1590,jp,41,4018,,,日本,佐賀県,有田町,,,,,18539,
1591,jp,41,4239,,,日本,佐賀県,大町町,,,,,5941,
1592,jp,41,4247,,,日本,佐賀県,江北町,,,,,9617,
1593,jp,41,4255,,,日本,佐賀県,白石町,,,,,21010,
1594,jp,41,4417,,,日本,佐賀県,太良町,,,,,7874,
1595,jp,42,,,,日本,長崎県,,,,,,1274371,
1596,jp,42,2011,,,日本,長崎県,長崎市,,,,,390551,
1597,jp,42,2029,,,日本,長崎県,佐世保市,,,,,233507,
1598,jp,42,2037,,,日本,長崎県,島原市,,,,,42044,
1599,jp,42,2045,,,日本,長崎県,諫早市,,,,,133479,
1600,jp,42,2053,,,日本,長崎県,大村市,,,,,99694,
1601,jp,42,2070,,,日本,長崎県,平戸市,,,,,27908,
1602,jp,42,2088,,,日本,長崎県,松浦市,,,,,20439,
1603,jp,42,2096,,,日本,長崎県,対馬市,,,,,27102,
1604,jp,42,2100,,,日本,長崎県,壱岐市,,,,,23736,
1605,jp,42,2118,,,日本,長崎県,五島市,,,,,33739,
1606,jp,42,2126,,,日本,長崎県,西海市,,,,,24973,
1607,jp,42,2134,,,日本,長崎県,雲仙市,,,,,40724,
1608,jp,42,2142,,,日本,長崎県,南島原市,,,,,40640,
1609,jp,42,3076,,,日本,長崎県,長与町,,,,,39479,
1610,jp,42,3084,,,日本,長崎県,時津町,,,,,29240,
1611,jp,42,3211,,,日本,長崎県,東彼杵町,,,,,7348,
1612,jp,42,3220,,,日本,長崎県,川棚町,,,,,12948,
1613,jp,42,3238,,,日本,長崎県,波佐見町,,,,,14111,
1614,jp,42,3831,,,日本,長崎県,小値賀町,,,,,2115,
1615,jp,42,3912,,,日本,長崎県,佐々町,,,,,13912,
1616,jp,42,4111,,,日本,長崎県,新上五島町,,,,,16682,
1617,jp,43,,,,日本,熊本県,,,,,,1716360,
1618,jp,43,1001,,,日本,熊本県,熊本市,,,,,731331,
1619,jp,43,2024,,,日本,熊本県,八代市,,,,,120023,
1620,jp,43,2032,,,日本,熊本県,人吉市,,,,,29742,
1621,jp,43,2041,,,日本,熊本県,荒尾市,,,,,49036,
1622,jp,43,2059,,,日本,熊本県,水俣市,,,,,21639,
1623,jp,43,2067,,,日本,熊本県,玉名市,,,,,62582,
1624,jp,43,2083,,,日本,熊本県,山鹿市,,,,,48002,
1625,jp,43,2105,,,日本,熊本県,菊池市,,,,,46599,
1626,jp,43,2113,,,日本,熊本県,宇土市,,,,,36143,
1627,jp,43,2121,,,日本,熊本県,上天草市,,,,,23592,
1628,jp,43,2130,,,日本,熊本県,宇城市,,,,,56356,
1629,jp,43,2148,,,日本,熊本県,阿蘇市,,,,,24170,
1630,jp,43,2156,,,日本,熊本県,天草市,,,,,71920,
1631,jp,43,2164,,,日本,熊本県,合志市,,,,,65160,
1632,jp,43,3489,,,日本,熊本県,美里町,,,,,8632,
1633,jp,43,3641,,,日本,熊本県,玉東町,,,,,5158,
1634,jp,43,3675,,,日本,熊本県,南関町,,,,,8657,
1635,jp,43,3683,,,日本,熊本県,長洲町,,,,,15220,
1636,jp,43,3691,,,日本,熊本県,和水町,,,,,9007,
1637,jp,43,4035,,,日本,熊本県,大津町,,,,,36343,
1638,jp,43,4043,,,日本,熊本県,菊陽町,,,,,43761,
1639,jp,43,4230,,,日本,熊本県,南小国町,,,,,3804,
1640,jp,43,4248,,,日本,熊本県,小国町,,,,,6295,
1641,jp,43,4256,,,日本,熊本県,産山村,,,,,1361,
1642,jp,43,4281,,,日本,熊本県,高森町,,,,,5823,
1643,jp,43,4329,,,日本,熊本県,西原村,,,,,7074,
1644,jp,43,4337,,,日本,熊本県,南阿蘇村,,,,,10026,
1645,jp,43,4418,,,日本,熊本県,御船町,,,,,17270,
1646,jp,43,4426,,,日本,熊本県,嘉島町,,,,,10254,
1647,jp,43,4434,,,日本,熊本県,益城町,,,,,34107,
1648,jp,43,4442,,,日本,熊本県,甲佐町,,,,,9948,
1649,jp,43,4477,,,日本,熊本県,山都町,,,,,12887,
1650,jp,43,4680,,,日本,熊本県,氷川町,,,,,10742,
1651,jp,43,4825,,,日本,熊本県,芦北町,,,,,14877,
1652,jp,43,4841,,,日本,熊本県,津奈木町,,,,,4107,
1653,jp,43,5015,,,日本,熊本県,錦町,,,,,10033,
1654,jp,43,5058,,,日本,熊本県,多良木町,,,,,8321,
1655,jp,43,5066,,,日本,熊本県,湯前町,,,,,3445,
1656,jp,43,5074,,,日本,熊本県,水上村,,,,,1933,
1657,jp,43,5104,,,日本,熊本県,相良村,,,,,3961,
1658,jp,43,5112,,,日本,熊本県,五木村,,,,,929,
1659,jp,43,5121,,,日本,熊本県,山江村,,,,,3162,
1660,jp,43,5139,,,日本,熊本県,球磨村,,,,,2648,
1661,jp,43,5147,,,日本,熊本県,あさぎり町,,,,,14058,
1662,jp,43,5317,,,日本,熊本県,苓北町,,,,,6222,
1663,jp,44,,,,日本,大分県,,,,,,1102102,
1664,jp,44,2011,,,日本,大分県,大分市,,,,,472898,
1665,jp,44,2020,,,日本,大分県,別府市,,,,,112115,
1666,jp,44,2038,,,日本,大分県,中津市,,,,,81524,
1667,jp,44,2046,,,日本,大分県,日田市,,,,,60207,
1668,jp,44,2054,,,日本,大分県,佐伯市,,,,,64450,
1669,jp,44,2062,,,日本,大分県,臼杵市,,,,,34895,
1670,jp,44,2071,,,日本,大分県,津久見市,,,,,14980,
1671,jp,44,2089,,,日本,大分県,竹田市,,,,,18917,
1672,jp,44,2097,,,日本,大分県,豊後高田市,,,,,21748,
1673,jp,44,2101,,,日本,大分県,杵築市,,,,,26153,
1674,jp,44,2119,,,日本,大分県,宇佐市,,,,,51972,
1675,jp,44,2127,,,日本,大分県,豊後大野市,,,,,31998,
1676,jp,44,2135,,,日本,大分県,由布市,,,,,33521,
1677,jp,44,2143,,,日本,大分県,国東市,,,,,25074,
1678,jp,44,3221,,,日本,大分県,姫島村,,,,,1711,
1679,jp,44,3417,,,日本,大分県,日出町,,,,,27829,
1680,jp,44,4618,,,日本,大分県,九重町,,,,,8302,
1681,jp,44,4626,,,日本,大分県,玖珠町,,,,,13808,
1682,jp,45,,,,日本,宮崎県,,,,,,1048347,
1683,jp,45,2017,,,日本,宮崎県,宮崎市,,,,,394504,
1684,jp,45,2025,,,日本,宮崎県,都城市,,,,,162574,
1685,jp,45,2033,,,日本,宮崎県,延岡市,,,,,113936,
1686,jp,45,2041,,,日本,宮崎県,日南市,,,,,48198,
1687,jp,45,2050,,,日本,宮崎県,小林市,,,,,42075,
1688,jp,45,2068,,,日本,宮崎県,日向市,,,,,57847,
1689,jp,45,2076,,,日本,宮崎県,串間市,,,,,16047,
1690,jp,45,2084,,,日本,宮崎県,西都市,,,,,28078,
1691,jp,45,2092,,,日本,宮崎県,えびの市,,,,,17067,
1692,jp,45,3412,,,日本,宮崎県,三股町,,,,,25684,
1693,jp,45,3617,,,日本,宮崎県,高原町,,,,,8393,
1694,jp,45,3820,,,日本,宮崎県,国富町,,,,,18243,
1695,jp,45,3838,,,日本,宮崎県,綾町,,,,,6785,
1696,jp,45,4010,,,日本,宮崎県,高鍋町,,,,,19275,
1697,jp,45,4028,,,日本,宮崎県,新富町,,,,,16480,
1698,jp,45,4036,,,日本,宮崎県,西米良村,,,,,991,
1699,jp,45,4044,,,日本,宮崎県,木城町,,,,,4710,
1700,jp,45,4052,,,日本,宮崎県,川南町,,,,,14617,
1701,jp,45,4061,,,日本,宮崎県,都農町,,,,,10018,
1702,jp,45,4214,,,日本,宮崎県,門川町,,,,,16989,
1703,jp,45,4290,,,日本,宮崎県,諸塚村,,,,,1406,
1704,jp,45,4303,,,日本,宮崎県,椎葉村,,,,,2406,
1705,jp,45,4311,,,日本,宮崎県,美郷町,,,,,4522,
1706,jp,45,4419,,,日本,宮崎県,高千穂町,,,,,10805,
1707,jp,45,4427,,,日本,宮崎県,日之影町,,,,,3419,
1708,jp,45,4435,,,日本,宮崎県,五ヶ瀬町,,,,,3278,
1709,jp,46,,,,日本,鹿児島県,,,,,,1558920,
1710,jp,46,2012,,,日本,鹿児島県,鹿児島市,,,,,591263,
1711,jp,46,2039,,,日本,鹿児島県,鹿屋市,,,,,98626,
1712,jp,46,2047,,,日本,鹿児島県,枕崎市,,,,,18898,
1713,jp,46,2063,,,日本,鹿児島県,阿久根市,,,,,18147,
1714,jp,46,2080,,,日本,鹿児島県,出水市,,,,,51405,
1715,jp,46,2101,,,日本,鹿児島県,指宿市,,,,,37207,
1716,jp,46,2136,,,日本,鹿児島県,西之表市,,,,,14095,
1717,jp,46,2144,,,日本,鹿児島県,垂水市,,,,,12973,
1718,jp,46,2152,,,日本,鹿児島県,薩摩川内市,,,,,90536,
1719,jp,46,2161,,,日本,鹿児島県,日置市,,,,,46134,
1720,jp,46,2179,,,日本,鹿児島県,曽於市,,,,,32185,
1721,jp,46,2187,,,日本,鹿児島県,霧島市,,,,,123070,
1722,jp,46,2195,,,日本,鹿児島県,いちき串木野市,,,,,25808,
1723,jp,46,2209,,,日本,鹿児島県,南さつま市,,,,,31094,
1724,jp,46,2217,,,日本,鹿児島県,志布志市,,,,,28693,
1725,jp,46,2225,,,日本,鹿児島県,奄美市,,,,,40239,
1726,jp,46,2233,,,日本,鹿児島県,南九州市,,,,,31457,
1727,jp,46,2241,,,日本,鹿児島県,伊佐市,,,,,22748,
1728,jp,46,2250,,,日本,鹿児島県,姶良市,,,,,78123,
1729,jp,46,3035,,,日本,鹿児島県,三島村,,,,,344,
1730,jp,46,3043,,,日本,鹿児島県,十島村,,,,,673,
1731,jp,46,3922,,,日本,鹿児島県,さつま町,,,,,18696,
1732,jp,46,4040,,,日本,鹿児島県,長島町,,,,,9399,
1733,jp,46,4520,,,日本,鹿児島県,湧水町,,,,,8294,
1734,jp,46,4686,,,日本,鹿児島県,大崎町,,,,,11914,
1735,jp,46,4821,,,日本,鹿児島県,東串良町,,,,,6361,
1736,jp,46,4902,,,日本,鹿児島県,錦江町,,,,,6165,
1737,jp,46,4911,,,日本,鹿児島県,南大隅町,,,,,5912,
1738,jp,46,4929,,,日本,鹿児島県,肝付町,,,,,13587,
1739,jp,46,5011,,,日本,鹿児島県,中種子町,,,,,7102,
1740,jp,46,5020,,,日本,鹿児島県,南種子町,,,,,5196,
1741,jp,46,5054,,,日本,鹿児島県,屋久島町,,,,,11326,
1742,jp,46,5232,,,日本,鹿児島県,大和村,,,,,1384,
1743,jp,46,5241,,,日本,鹿児島県,宇検村,,,,,1604,
1744,jp,46,5259,,,日本,鹿児島県,瀬戸内町,,,,,8084,
1745,jp,46,5275,,,日本,鹿児島県,龍郷町,,,,,6014,
1746,jp,46,5291,,,日本,鹿児島県,喜界町,,,,,6307,
1747,jp,46,5305,,,日本,鹿児島県,徳之島町,,,,,9844,
1748,jp,46,5313,,,日本,鹿児島県,天城町,,,,,5461,
1749,jp,46,5321,,,日本,鹿児島県,伊仙町,,,,,6132,
1750,jp,46,5330,,,日本,鹿児島県,和泊町,,,,,5975,
1751,jp,46,5348,,,日本,鹿児島県,知名町,,,,,5383,
1752,jp,46,5356,,,日本,鹿児島県,与論町,,,,,5062,
1753,jp,47,,,,日本,沖縄県,,,,,,1484081,
1754,jp,47,2018,,,日本,沖縄県,那覇市,,,,,313424,
1755,jp,47,2051,,,日本,沖縄県,宜野湾市,,,,,100443,
1756,jp,47,2077,,,日本,沖縄県,石垣市,,,,,49830,
1757,jp,47,2085,,,日本,沖縄県,浦添市,,,,,115486,
1758,jp,47,2093,,,日本,沖縄県,名護市,,,,,64734,
1759,jp,47,2107,,,日本,沖縄県,糸満市,,,,,62250,
1760,jp,47,2115,,,日本,沖縄県,沖縄市,,,,,141739,
1761,jp,47,2123,,,日本,沖縄県,豊見城市,,,,,65889,
1762,jp,47,2131,,,日本,沖縄県,うるま市,,,,,126948,
1763,jp,47,2140,,,日本,沖縄県,宮古島市,,,,,55656,
1764,jp,47,2158,,,日本,沖縄県,南城市,,,,,46929,
1765,jp,47,3014,,,日本,沖縄県,国頭村,,,,,4459,
1766,jp,47,3022,,,日本,沖縄県,大宜味村,,,,,2910,
1767,jp,47,3031,,,日本,沖縄県,東村,,,,,1701,
1768,jp,47,3065,,,日本,沖縄県,今帰仁村,,,,,9183,
1769,jp,47,3081,,,日本,沖縄県,本部町,,,,,12899,
1770,jp,47,3111,,,日本,沖縄県,恩納村,,,,,11316,
1771,jp,47,3138,,,日本,沖縄県,宜野座村,,,,,6500,
1772,jp,47,3146,,,日本,沖縄県,金武町,,,,,11481,
1773,jp,47,3154,,,日本,沖縄県,伊江村,,,,,4268,
1774,jp,47,3243,,,日本,沖縄県,読谷村,,,,,42289,
1775,jp,47,3251,,,日本,沖縄県,嘉手納町,,,,,12909,
1776,jp,47,3260,,,日本,沖縄県,北谷町,,,,,29259,
1777,jp,47,3278,,,日本,沖縄県,北中城村,,,,,17951,
1778,jp,47,3286,,,日本,沖縄県,中城村,,,,,22683,
1779,jp,47,3294,,,日本,沖縄県,西原町,,,,,35659,
1780,jp,47,3481,,,日本,沖縄県,与那原町,,,,,19920,
1781,jp,47,3502,,,日本,沖縄県,南風原町,,,,,41330,
1782,jp,47,3537,,,日本,沖縄県,渡嘉敷村,,,,,665,
1783,jp,47,3545,,,日本,沖縄県,座間味村,,,,,873,
1784,jp,47,3553,,,日本,沖縄県,粟国村,,,,,676,
1785,jp,47,3561,,,日本,沖縄県,渡名喜村,,,,,291,
1786,jp,47,3570,,,日本,沖縄県,南大東村,,,,,1227,
1787,jp,47,3588,,,日本,沖縄県,北大東村,,,,,544,
1788,jp,47,3596,,,日本,沖縄県,伊平屋村,,,,,1191,
1789,jp,47,3600,,,日本,沖縄県,伊是名村,,,,,1237,
1790,jp,47,3618,,,日本,沖縄県,久米島町,,,,,7140,
1791,jp,47,3626,,,日本,沖縄県,八重瀬町,,,,,33255,
1792,jp,47,3758,,,日本,沖縄県,多良間村,,,,,1040,
1793,jp,47,3812,,,日本,沖縄県,竹富町,,,,,4208,
1794,jp,47,3821,,,日本,沖縄県,与那国町,,,,,1689,